unit_id,legacy_headline_median_tC_yr,legacy_scaled_median_tC_yr,annual_median_tC_yr,antoinemorel_relative_difference_vs_scaled,vgpm_relative_difference_vs_scaled,eppley_relative_difference_vs_scaled,cbpm_relative_difference_vs_scaled,cafe_relative_difference_vs_scaled,median_relative_difference_vs_scaled,median_percent_change_vs_legacy_headline,note
HS_021,385136530.5954946,386194417.4976115,386194417.4976116,1.6855106982793048e-16,0.0,-3.288885857175818e-16,1.2784258536759964e-16,1.543384421805094e-16,1.543384421805094e-16,0.27467841092125855,
HS_027,795110460.9045098,799508252.1673561,799508252.1673558,-3.4841573254192113e-16,-4.409835938674502e-16,-3.428827142450349e-16,-4.2317279972574513e-16,-4.4730979034033e-16,-4.4730979034033e-16,0.5531044400853613,
HS_031,835387896.65738,835386133.2361366,835386133.2361367,1.3062280424700675e-16,0.0,0.0,1.3494734122672238e-16,1.4269962692460044e-16,1.4269962692460044e-16,-0.00021109011159037294,
HS_034,1608782390.4368348,1608771234.1676908,1608771234.1676908,0.0,0.0,0.0,0.0,0.0,0.0,-0.000693460421397063,
HS_041,1699830894.313344,1702917036.7553015,1702917036.7553024,6.041347390387251e-16,5.600239446916092e-16,5.102582327791276e-16,3.513760201734577e-16,2.331656709266749e-16,5.600239446916092e-16,0.18155585077803682,
HS_047,2082921231.1753454,2086027933.2126918,2086027933.2126932,5.264385117882081e-16,6.857585422675737e-16,2.9602483461165294e-16,8.36537432256706e-16,8.221210302299045e-16,6.857585422675737e-16,0.14915120124801007,
HS_048,414048303.14171237,487323889.6140404,487323889.61404073,7.338607367178005e-16,3.098891292762062e-16,-1.8163237815786757e-16,-5.406541774104309e-16,2.858134574559239e-16,7.338607367178005e-16,17.697352196912398,
HS_051,2546203682.1389503,2548507955.415703,2548507955.415704,3.742088834290848e-16,4.132896296093428e-16,3.774831244684225e-16,6.64962250355976e-16,5.02333599574445e-16,3.742088834290848e-16,0.09049838757666517,
HS_057,2455052377.9101896,2465215476.1243963,2465215476.1243963,0.0,-2.0350904494288174e-16,-8.624051853844463e-16,-6.625108263317564e-16,-9.90381411345016e-16,0.0,0.4139666552799959,
HS_058,485107082.7267168,542531219.4161035,542531200.6909659,-3.451439644618947e-08,-3.451439749053042e-08,-3.451439696928881e-08,-3.451439652210183e-08,-3.451439667414857e-08,-3.451439644618947e-08,11.83741075093696,
HS_061,1157072180.8456333,1160605181.9233367,1160605181.9233365,-5.957356313243177e-16,-2.0542608530013538e-16,-3.9139232050441557e-16,0.0,-1.8472078531427267e-16,-2.0542608530013538e-16,0.30533973041519946,
HS_067,750103524.231196,753205089.3034091,753205089.3034079,-6.643063956920271e-16,-1.071099485899586e-15,-9.960831575766223e-16,-7.431025250279662e-16,-1.5826936281196698e-15,-1.5826936281196698e-15,0.4134849353481851,
HS_071,442529324.4876352,444799401.24316883,444799401.24316895,2.177028405550708e-16,1.1674387533629302e-16,2.680068570632143e-16,3.1670099572582887e-16,1.6246244112020532e-16,2.680068570632143e-16,0.5129777011189107,
HS_077,4356079610.435529,4356077734.723515,4356077734.723515,0.0,0.0,0.0,-2.1800536911882323e-16,0.0,0.0,-4.305963576811678e-05,
HS_081,2408472542.8165007,2424665979.2587404,2424665979.25874,-7.616840806081187e-16,-1.9666096785376674e-16,-1.5513003959792742e-16,3.8562294094230067e-16,-8.271097502056178e-16,-1.9666096785376674e-16,0.6723529604079514,
HS_087,2808945314.5543694,2814480512.5853744,2814480512.5853763,1.6991216410337445e-16,6.776911846728029e-16,5.872999687273891e-16,3.0257764920274375e-16,3.478129006884095e-16,6.776911846728029e-16,0.1970560979712488,
HS_088,371002744.10193366,467587768.4362068,467587768.43620694,2.549452693116052e-16,1.634051371971595e-16,3.672285869051515e-16,4.54116305332792e-16,3.1406970754637674e-16,2.549452693116052e-16,26.033506724612355,
LME_001,204509953.77214155,215854568.4102977,215854568.41029748,-9.664667199321356e-16,-8.768156698825696e-16,1.5620852428638873e-16,-1.5268485721198387e-15,-7.20139925471798e-16,-9.664667199321356e-16,5.547218816936295,
LME_002,219993119.70081398,265855268.36676815,265855268.3667683,5.604989995267025e-16,1.3400803302760514e-15,1.0171528627241083e-15,7.947350134889718e-16,3.4939528163539285e-16,5.604989995267025e-16,20.847083185295023,
LME_003,355338325.30191064,375579942.3590312,375579942.359031,-4.761008620509261e-16,-6.29021478680663e-16,-5.5909031441038e-16,-2.189699602978438e-16,-3.4216822641382267e-16,-4.761008620509261e-16,5.696435091802221,
LME_004,82403701.41240296,101064972.43669356,101064972.43669361,4.4232420495186833e-16,6.646207424185325e-16,9.536413497108553e-16,1.3746111344320772e-16,7.280774983196571e-16,4.4232420495186833e-16,22.646156306616906,
LME_005,429974890.9755587,489575816.2454212,489575816.2454212,0.0,0.0,3.798146441250251e-16,0.0,2.2030043996446746e-16,0.0,13.861489710395759,
LME_006,71789606.44541201,84469091.1326702,84469091.13267015,-5.292288928660316e-16,-7.443676993477604e-16,-5.610704464333689e-16,-7.496066638025711e-16,-5.610446826182733e-16,-5.292288928660316e-16,17.662006124660223,
LME_007,113589799.85592501,148365672.37021258,148365672.37021253,-4.017414798394933e-16,-8.435591077251316e-16,-1.0349376757060284e-15,-3.446801962324011e-16,-7.578292076971535e-16,-4.017414798394933e-16,30.615312781954486,
LME_008,73963040.54786614,88384461.77432844,88384461.77432857,1.5173532547729078e-15,1.1894907084779548e-15,1.7749014918455709e-15,5.722279224587683e-16,6.981001801216816e-16,1.5173532547729078e-15,19.49814545161841,
LME_009,136221125.41167906,161592979.84871426,161592979.84871423,-1.8442832365364316e-16,-4.805744957210097e-16,-4.4130556932589383e-16,2.5211718380501403e-16,-2.0897445944498163e-16,-1.8442832365364316e-16,18.625491721902844,
LME_010,105878479.572701,106878082.28198951,106878082.2819895,-1.3942204870903372e-16,-2.0300398655576184e-16,-1.717719231591696e-16,0.0,2.150517434720596e-16,-1.3942204870903372e-16,0.9441037624667858,
LME_011,498298207.3905572,537106323.0543703,537106323.0543703,0.0,1.5836547156392668e-16,0.0,0.0,0.0,0.0,7.788130699293472,
LME_012,677421862.5201514,784221591.4402995,784221591.4402994,-1.5200970089568912e-16,-3.5826561701498904e-16,-1.3441677120821797e-16,-1.480801220509014e-16,0.0,-1.5200970089568912e-16,15.765615907763975,
LME_013,631874285.9925013,681766691.4054654,681766691.405465,-5.245604884496369e-16,-8.232265372283656e-16,-7.212199711382861e-16,-5.729645960345119e-16,-7.10447051253742e-16,-5.245604884496369e-16,7.895938562303817,
LME_014,411903923.3333113,440506228.8487485,440506228.84874856,1.353094255469799e-16,0.0,4.3149670484679997e-16,-2.6700302148192634e-16,2.125570425881802e-16,1.353094255469799e-16,6.943926458377603,
LME_015,157516801.08730757,189411505.69493002,189411505.69493002,1.7736573850876078e-16,1.5376691179024214e-16,3.120120721871058e-16,0.0,-2.4844959753996586e-16,0.0,20.24844612603833,
LME_016,170256937.2197184,182572146.52220783,182572146.52220786,1.6323586568595336e-16,3.8852609660850936e-16,1.6436710284360496e-16,1.623151218508594e-16,1.4898463333012492e-16,1.6323586568595336e-16,7.233308377089243,
LME_017,446754225.7688785,492942528.6709562,492942528.6709562,-1.8042515421902392e-16,-1.5653322523769194e-16,-1.4743534906906523e-16,0.0,0.0,0.0,10.338638167906765,
LME_018,89071610.81684531,122596133.49157731,122596133.49157731,2.88536842394217e-16,0.0,0.0,0.0,0.0,0.0,37.6377190973533,
LME_019,85020065.62851988,110911645.65467082,110911645.65467086,1.638148472958877e-16,-2.0700192771565678e-16,4.030549120218592e-16,0.0,1.2830470998634625e-16,4.030549120218592e-16,30.453493342712367,
LME_020,155191473.052221,201771574.74844936,201771574.74844947,8.389599896887975e-16,8.893196459536398e-16,-1.1900354311085214e-16,1.065496556242935e-15,5.908130999096412e-16,5.908130999096412e-16,30.014601176286625,
LME_021,135215527.15536106,142137556.9598246,142137556.95982465,-2.5393418513878026e-16,-2.70213584618417e-16,0.0,2.1743895348511772e-16,4.1934479563510417e-16,4.1934479563510417e-16,5.119256604687328,
LME_022,172162545.4344741,195637361.6687729,195637361.6687732,6.489840355402383e-16,1.480275536840099e-15,1.5233451388570978e-15,1.4545764848873902e-15,1.7552875837625218e-15,1.5233451388570978e-15,13.635263218871096,
LME_023,166244113.67246142,218538814.51835537,218538814.51835552,6.818542155400998e-16,1.4712856151037665e-15,1.2251997437563964e-15,1.1711885317961908e-15,1.8808485863621222e-15,6.818542155400998e-16,31.4565729219902,
LME_024,162456856.33825475,183284532.49863246,183284532.49863246,-4.923199014471572e-16,0.0,0.0,-5.714156095279712e-16,2.2654220277206193e-16,0.0,12.820435301919165,
LME_025,53037694.09917829,60160452.40220469,60160452.40220469,0.0,0.0,1.2973157377771744e-16,-3.8612533396944915e-16,1.366715236859592e-16,0.0,13.429615340567281,
LME_026,358762384.7102209,409223824.91728646,409223824.9172863,-4.3695875811315307e-16,-3.7851328367007262e-16,-1.5652459068612483e-16,-6.270732552567859e-16,2.1725337690521657e-16,-4.3695875811315307e-16,14.065421113705678,
LME_027,450594629.12586725,472963545.04584086,472963545.04584074,-2.5204752205421493e-16,-4.046998522800813e-16,-5.563875186657238e-16,-4.114488095815004e-16,-1.6225969729735598e-16,-2.5204752205421493e-16,4.9643103743531425,
LME_028,674836657.0345353,712813213.8828053,712813213.8828055,3.087950873050725e-16,3.5772402286371984e-16,1.979295004503374e-16,1.6723776612028495e-16,2.0471371434764972e-16,1.6723776612028495e-16,5.627518370912488,
LME_029,609087190.8474818,631318129.052747,631318129.0527474,4.055907781665456e-16,9.90344067488961e-16,7.246171072827332e-16,5.664780594673271e-16,8.444347079274276e-16,5.664780594673271e-16,3.6498778072041604,
LME_030,509113669.7811796,553758651.4094874,553758651.4094874,0.0,1.2878237364724624e-16,4.04905300655498e-16,0.0,0.0,0.0,8.769157906818027,
LME_031,202591143.05167237,220645099.4910218,220645099.49102187,2.7013808560845003e-16,2.0663580763152072e-16,2.6051126653611e-16,3.805080558597708e-16,3.174071633936671e-16,2.7013808560845003e-16,8.911523064334915,
LME_032,1399430163.7484744,1599715112.5364208,1599715112.5364206,-1.4903814887610771e-16,-2.073450103608312e-16,-2.4407182859766594e-16,0.0,-3.009209993376595e-16,-1.4903814887610771e-16,14.311893081643223,
LME_033,132017236.29687104,167237425.9047926,167237425.90479258,-1.782036659943667e-16,-1.4227636500614114e-16,-2.994069965316189e-16,-3.28566987695233e-16,-3.4706011205741303e-16,-1.782036659943667e-16,26.67847820168032,
LME_034,973683756.8091958,1061393189.7977164,1061393189.7977166,2.2462795257523843e-16,5.343425133266742e-16,3.4847586217441704e-16,4.1134684155658645e-16,3.489902967178155e-16,2.2462795257523843e-16,9.008000017988227,
LME_035,128812106.33499031,149162149.72904924,149162149.72904924,0.0,0.0,0.0,0.0,0.0,0.0,15.798238203741777,
LME_036,752820479.1139787,839939773.341587,839939773.3415867,-2.838519935221622e-16,-2.0930942811132253e-16,-1.1406695286982675e-16,-1.3765689623097457e-16,-4.0587138561011013e-16,-2.838519935221622e-16,11.572386331750927,
LME_037,212402321.55372748,259123010.6288906,259123010.62889066,2.2890253374314935e-16,1.9916622603337966e-16,3.976928950183527e-16,2.3002451473039916e-16,2.7316163092749837e-16,2.3002451473039916e-16,21.996317522991447,
LME_038,657097576.2168155,749758870.0793715,749758870.0793715,0.0,0.0,0.0,0.0,0.0,0.0,14.101603356391257,
LME_039,307112833.06899595,343801683.684613,343801683.684613,0.0,-1.2641237338164967e-16,-4.000938765396078e-16,0.0,-1.9804798875801904e-16,0.0,11.946374968764184,
LME_040,220292913.00662673,235190885.5526628,235190885.5526628,0.0,1.698673737256709e-16,-1.2147096398039664e-16,-2.254195103482467e-16,-2.582167067323932e-16,0.0,6.762801554849807,
LME_041,110014678.31066136,116192217.50230382,116192217.5023038,1.3910499370574618e-16,-2.564915536370102e-16,-5.716564787580371e-16,0.0,-6.054362413075305e-16,-2.564915536370102e-16,5.615195432556908,
LME_042,227101484.3920486,239703889.42172676,239703889.42172652,-1.580611304593979e-16,-4.103590269428462e-16,-6.47573811042555e-16,-8.697484975814477e-16,-9.946379246358288e-16,-9.946379246358288e-16,5.549239391109495,
LME_043,171719474.4466026,184009099.11049473,184009099.11049485,5.326494274294877e-16,6.208820018819824e-16,9.686176971012955e-16,6.213661802495503e-16,6.478445366399944e-16,6.478445366399944e-16,7.156803096153075,
LME_044,100103834.63881801,107895687.49755985,107895687.49755982,-2.762142128096576e-16,-1.2735560803915864e-16,0.0,-1.8377454947770725e-16,-4.20289197547904e-16,-2.762142128096576e-16,7.783770608643903,
LME_045,231703362.09670502,255910178.35612905,255910178.35612905,0.0,3.666244267018369e-16,2.1154629451595323e-16,0.0,0.0,0.0,10.44733060425811,
LME_046,182066721.31776568,196229429.07457197,196229429.074572,4.99749712278688e-16,4.4109777676594774e-16,6.788809233080396e-16,0.0,1.5187488710661082e-16,1.5187488710661082e-16,7.77885582510589,
LME_047,228889348.0035157,263199876.26123306,263199876.26123303,0.0,3.882916404950635e-16,0.0,-1.1323076139335146e-16,0.0,-1.1323076139335146e-16,14.99000654988556,
LME_048,234566982.65061775,265849790.31962246,265849790.3196226,6.957091448306526e-16,4.2683084196882285e-16,5.605105490560094e-16,4.1804034329723784e-16,1.583627891259361e-16,5.605105490560094e-16,13.336407074647806,
LME_049,199352827.63262123,219999461.22834828,219999461.2283482,-1.469170672530301e-16,-2.5608339450505845e-16,-4.0639630053587285e-16,-3.47253344655824e-16,-5.653675313991303e-16,-4.0639630053587285e-16,10.356830069035073,
LME_050,196140139.6449509,213477826.11363152,213477826.1136315,-1.396038311343489e-16,-6.579660705980387e-16,-7.382138991278265e-16,0.0,-3.6887283301813706e-16,-1.396038311343489e-16,8.839438220073115,
LME_051,110840262.49031614,115154452.86489508,115154452.86489515,6.47007598192075e-16,6.477383178975287e-16,4.598058332766391e-16,1.1039784807973188e-15,1.6385763384833107e-15,6.47007598192075e-16,3.8922592545790335,
LME_052,259622766.89018947,295938134.05065185,295938134.0506517,-4.028182779931219e-16,8.365012500820105e-16,4.586523860371368e-16,-1.2197978881181952e-15,0.0,-4.028182779931219e-16,13.98774367728015,
LME_053,110866844.04976276,120103602.55716915,120103602.55716923,6.203461376920282e-16,3.908387902203047e-16,-1.3806883151905633e-16,-7.907767372726682e-16,-1.2487381159995346e-16,6.203461376920282e-16,8.331398432574243,
LME_054,134922936.3308678,175117540.7427445,175117540.74274442,-1.9893381387558615e-16,-2.35561020917693e-16,-4.699718963587727e-16,-5.105540357857627e-16,-8.754405667034909e-16,-5.105540357857627e-16,29.79078687800605,
LME_055,36530155.28799374,59337006.057569526,59337006.057569586,9.521652246361611e-16,7.764142557702685e-16,1.0045104857087234e-15,1.3322782630884091e-15,4.444780147511371e-16,1.0045104857087234e-15,62.43294229047998,
LME_056,34525274.4793456,60637874.85053245,60637874.85053248,1.763678212070804e-16,1.7609568215057762e-16,0.0,4.914803241564067e-16,6.51737770949173e-16,4.914803241564067e-16,75.63328826482896,
LME_057,62318771.33191579,94318919.52426216,94318919.52426215,-1.579869793781358e-16,-6.823000629880747e-16,-1.743108967620153e-16,5.462228106477522e-16,-1.659914886398291e-16,-1.579869793781358e-16,51.349132064736125,
LME_058,58292164.75734453,98294714.43737662,98294714.43737666,4.547903093001351e-16,3.8904730569165685e-16,5.090652123915027e-16,1.6041335956437843e-15,1.0453059382305378e-15,4.547903093001351e-16,68.62423079765966,
LME_059,58408676.72072891,63622503.822636865,63622503.82263684,2.6177918239738195e-16,4.844891073391382e-16,-2.3089760518550843e-16,-3.5131817278179397e-16,0.0,-3.5131817278179397e-16,8.926459893684902,
LME_060,14416671.866690412,14707410.098982424,14707410.098982416,-7.625880553167263e-16,-3.5951829744071097e-16,-4.0791045000360763e-16,-4.566583648189726e-16,-5.065868529387998e-16,-5.065868529387998e-16,2.0166806526529246,
LME_061,47870053.43602861,102610079.59474836,102610079.59474824,-1.1617697795537276e-15,-2.0276426300344782e-15,-1.5622936057824726e-15,-1.7862834209217493e-15,-1.8784914642092395e-15,-1.1617697795537276e-15,114.3512952870875,
LME_062,0.0,,62028266.27641208,,,,,,,,Legacy zero/missing common-mask result; ZIP own-coverage fallback supplies available models.
LME_063,91421966.1871347,142079027.57303682,142079027.57303682,0.0,1.440026024280958e-15,8.701898597029284e-16,-5.547524906035496e-16,1.041992066242606e-15,0.0,55.41016398860912,
LME_065,31725542.01902209,33322010.934752904,33322010.934752874,6.477762609041794e-16,-8.943734652164476e-16,8.390913587935806e-16,8.144868204913683e-16,1.2018906605042194e-15,-8.943734652164476e-16,5.032124950847394,
LME_066,2315144.597182685,9215074.938394144,9215074.938394146,1.7797583960268502e-16,0.0,1.9716364430423096e-16,2.0213022267136864e-16,0.0,2.0213022267136864e-16,298.0345309579381,
