unit_id,region_name,queries,searched_on,search_status,notes,sources,assignments
EEZ_016,American Samoa,"[""\""American Samoa\"" Ecopath ecosystem model"", ""\""American Samoa\"" \""Ecosim\"""", ""\""Ecopath\"" \""Samoa\"" Sabater""]",2026-09-04,no_defensible_model_found,"A NOAA 2017 workshop describes development of an American Samoa coral reef Ecosim model, but a model publication/database was not confirmed. A report excerpt about social objectives was traced to a Hawaii model and excluded. Warm-pool 2007 bounds do not reach American Samoa.","[""https://repository.library.noaa.gov/view/noaa/17123/noaa_17123_DS1.pdf"", ""https://oceanacidification.noaa.gov/oap_pubs/supporting-ecosystem-based-fisheries-management-in-meeting-multiple-objectives-for-sustainable-use-of-coral-reef-ecosystems/""]",[]
EEZ_028,Antigua & Barbuda,"[""\""Antigua\"" \""Barbuda\"" Ecopath"", ""\""Trophic Model\"" \""Lesser Antilles\"" Mohammed 2008 FAO pdf""]",2026-09-04,proxy_only,"Lesser Antilles model explicitly aggregates island EEZs from Antigua/St Kitts to Trinidad. Useful regional pelagic context, with no separate country balance or whole-ecosystem EEZ reconstruction.","[""https://www.researchgate.net/publication/278677766_A_Trophic_Model_of_the_Lesser_Antilles_Pelagic_Ecosystem"", ""https://clmeplus.org/app/uploads/2020/06/Volume-2-CRFM-Fishery-Report-2011.pdf""]","[{""article_id"": ""LAPE-2008"", ""coverage_class"": ""basin_proxy"", ""coverage_note"": ""Included within the broader Lesser Antilles pelagic domain; aggregated food web does not resolve this EEZ separately."", ""geometry_bbox"": null, ""geometry_note"": ""No defensible model polygon or coordinates extracted; do not substitute the EEZ boundary.""}]"
EEZ_037,Macquarie Isl. (Australia),"[""\""Macquarie Island\"" Ecopath"", ""\""Macquarie\"" \""Ecosim\""""]",2026-09-04,no_defensible_model_found,Targeted Ecopath and Ecosim searches returned ecological risk assessments and terrestrial restoration material; no defensible marine mass-balance model located. Nearby Tasmania or New Zealand models were not automatically transferred.,"[""https://www.afma.gov.au/sites/default/files/2023-02/Ecological%20Risk%20Assessment%20for%20the%20Macquarie%20Island%20Fishery%20%E2%80%93%20demersal%20gear.pdf""]",[]
EEZ_038,Lord Howe Isl. (Australia),"[""\""Lord Howe\"" Ecopath"", ""\""Lord Howe\"" \""Ecosim\""""]",2026-09-04,no_defensible_model_found,Targeted Ecopath and Ecosim searches did not identify a marine EwE model for Lord Howe. Geographic proximity alone is insufficient to assign a mainland Australian model.,[],[]
EEZ_044,Bahamas,"[""\""Bahamas\"" \""Ecopath\"""", ""\""Bimini\"" \""Grant\"" trophic Ecopath model 2001""]",2026-09-04,partial_model_found,A preliminary Ecopath model exists for the North Sound lemon-shark nursery at Bimini; only its 2001 conference abstract was confirmed. No Bahamas-wide model found.,"[""https://elasmo.org/meetings/abstracts/abst2001/""]","[{""article_id"": ""BIMINI-2001"", ""coverage_class"": ""subregional"", ""coverage_note"": ""North Sound, Bimini lagoon shark nursery only; conference abstract evidence."", ""geometry_bbox"": null, ""geometry_note"": ""No defensible model polygon or coordinates extracted; do not substitute the EEZ boundary.""}]"
EEZ_052,Barbados,"[""\""Barbados\"" \""Ecopath\"""", ""\""Trophic Model\"" \""Lesser Antilles\"" Mohammed 2008 FAO pdf""]",2026-09-04,proxy_only,"Lesser Antilles model explicitly aggregates island EEZs from Antigua/St Kitts to Trinidad. Useful regional pelagic context, with no separate country balance or whole-ecosystem EEZ reconstruction.","[""https://www.researchgate.net/publication/278677766_A_Trophic_Model_of_the_Lesser_Antilles_Pelagic_Ecosystem"", ""https://clmeplus.org/app/uploads/2020/06/Volume-2-CRFM-Fishery-Report-2011.pdf""]","[{""article_id"": ""LAPE-2008"", ""coverage_class"": ""basin_proxy"", ""coverage_note"": ""Included within the broader Lesser Antilles pelagic domain; aggregated food web does not resolve this EEZ separately."", ""geometry_bbox"": null, ""geometry_note"": ""No defensible model polygon or coordinates extracted; do not substitute the EEZ boundary.""}]"
EEZ_060,Bermuda (UK),"[""\""Bermuda\"" \""Ecopath\"""", ""\""Bermuda\"" \""Ecosim\""""]",2026-09-04,no_defensible_model_found,Ecopath/Ecosim searches returned papers citing Bermuda reef feeding data and a different biogeochemical EcoSim program. No local EwE mass-balance model confirmed.,[],[]
EEZ_074,Bouvet Isl. (Norway),"[""\""Bouvet\"" \""Ecopath\"""", ""\""Bouvet\"" \""food web\"" model Ecopath""]",2026-09-04,no_defensible_model_found,"A Bouvet food-web study provides an isotope-based conceptual network, not a demonstrated Ecopath reconstruction. Antarctic Peninsula and South Georgia models are geographically distinct.","[""https://epic.awi.de/id/eprint/13250/1/Jacob06_PolBiol29.pdf""]",[]
EEZ_077,Trindade & Martim Vaz Isl. (Brazil),"[""\""Trindade\"" \""Ecopath\"""", ""\""Trindade\"" \""Martim\"" trophic model""]",2026-09-04,no_defensible_model_found,Targeted island-name searches found local reef/environment studies but no defensible Ecopath model. Brazilian continental-shelf models were not assigned to distant oceanic islands.,[],[]
EEZ_090,Solomon Isl.,"[""\""Solomon Islands\"" \""Ecopath\"""", ""\""Solomon Islands\"" trophic model Ecosim fisheries""]",2026-09-04,proxy_only,"Warm-pool pelagic model geographically includes Solomon waters. Targeted coastal studies located used stomach contents, isotopes or other bioeconomic approaches, not a demonstrated local Ecopath model.","[""https://meetings.wcpfc.int/node/6157"", ""https://www.researchgate.net/publication/233858920_An_Ecopath_with_Ecosim_model_of_the_Western_and_Central_Pacific_Ocean_warm_pool_pelagic_ecosystem""]","[{""existing_article_id"": ""WCP-2007"", ""coverage_class"": ""basin_proxy"", ""coverage_note"": ""2007 warm-pool domain 110–180°E, 15°N–15°S includes waters around the target; no country-specific or reef food web."", ""geometry_bbox"": [110, -15, 180, 15], ""geometry_note"": ""Bounds explicitly reported in section 2.2 of author-uploaded WCPFC report; not the narrower 2012 model domain.""}]"
EEZ_092,British Virgin Isl. (UK),"[""\""British Virgin Islands\"" \""Ecopath\"""", ""\""Trophic Interactions in Caribbean Coral Reefs\"" Opitz British Virgin""]",2026-09-04,proxy_only,"Original Opitz report explicitly includes British Virgin shelf in its Puerto Rico–Virgin Islands context, but model unit is a composite shallow reef transect. EcoBase country metadata alone would overstate local precision.","[""https://digitalarchive.worldfishcenter.org/items/f9b5124e-cb58-4ba7-8ca1-0748a9679de6""]","[{""article_id"": ""PRVI-1996"", ""coverage_class"": ""basin_proxy"", ""coverage_note"": ""Composite Puerto Rico–Virgin Islands reef/shelf transect (0–100 m) includes BVI geographic context but lacks an independently parameterized BVI EEZ balance."", ""geometry_bbox"": null, ""geometry_note"": ""No defensible model polygon or coordinates extracted; do not substitute the EEZ boundary.""}]"
EEZ_132,Cape Verde,"[""\""Cape Verde\"" \""Ecopath\""""]",2026-09-04,partial_model_found,"A dedicated Cape Verde coastal model is documented in chapter pp. 39–56 by Stobberup, Ramos and Coelho within the already-catalogued 2004 volume. Shelf ecosystem, baseline 1981–1985; offshore EEZ not covered.","[""https://www.seaaroundus.org/doc/publications/books-and-reports/2004/Palomares-et-al-west-africa-ecosystems.pdf""]","[{""existing_article_id"": ""GUI-2004"", ""coverage_class"": ""subregional"", ""coverage_note"": ""Reuse only Cape Verde coastal ecosystem chapter (Stobberup et al., pp. 39–56); no blanket applicability of all West African chapters."", ""geometry_bbox"": null, ""geometry_note"": ""No defensible model polygon or coordinates extracted; do not substitute the EEZ boundary.""}]"
EEZ_153,Easter Isl. (Chile),"[""\""Easter Island\"" \""Ecopath\""""]",2026-09-04,no_defensible_model_found,Rapa Nui trophic-pathway study located uses stable isotopes and cites Ecopath background; search did not establish an actual local EwE model. No Humboldt mainland model assigned.,"[""https://www.researchgate.net/profile/German-Zapata-Hernandez-2/publication/349439762_Tracing_trophic_pathways_through_the_marine_ecosystem_of_Rapa_Nui_Easter_Island/links/615713b6e7bb415a5d4bcc5a/Tracing-trophic-pathways-through-the-marine-ecosystem-of-Rapa-Nui-Easter-Island.pdf""]",[]
EEZ_154,Desventuradas Isl. (Chile),"[""\""Desventuradas\"" \""Ecopath\"""", ""\""Desventuradas\"" \""modelo\"" \""trófico\""""]",2026-09-04,no_defensible_model_found,Targeted English/Spanish searches did not identify a defensible Desventuradas Ecopath model. Shared Chilean sovereignty does not justify mainland model transfer.,[],[]
EEZ_155,Juan Fernandez Islands (Chile),"[""\""Juan Fernandez\"" \""Ecopath\"""", ""\""Juan Fernández\"" \""Eddy\"" \""Ecopath\"""", ""\""Juan Fernandez\"" ecosystem \""model\"" Eddy 2010 2014 trophic""]",2026-09-04,no_defensible_model_found,"A 2008 author field report mentioned developing Ecopath/STELLA models, but complete local Ecopath documentation was not established. Later Juan Fernández Ridge ecosystem paper is Atlantis, and lobster study is bioeconomic; neither counted as EwE.","[""https://static1.squarespace.com/static/5d780889f144187aeb002f90/t/60b925e5e45ebd6d8120f789/1622746598407/Eddy%2Bet%2Bal.%2B2008%2BJMBA%2BGlobal%2BMarine%2BEnvironment.pdf"", ""https://pmc.ncbi.nlm.nih.gov/articles/PMC6386342/""]",[]
EEZ_162,Christmas Isl. (Australia),"[""\""Christmas Island\"" \""Ecopath\"""", ""\""Christmas Island\"" \""trophic model\""""]",2026-09-04,no_defensible_model_found,"Search located CSIRO conservation characterization with conceptual trophic systems, but no demonstrated island-specific Ecopath model. Australian Indian Ocean territory must not be confused with Kiribati Christmas Island or Costa Rican Cocos Island.","[""https://www.dcceew.gov.au/sites/default/files/documents/conservation-christmas-cocos.pdf""]",[]
EEZ_166,Cocos (Keeling) Isl. (Australia),"[""\""Cocos\"" \""Keeling\"" \""Ecopath\"""", ""\""Cocos Keeling\"" ecosystem \""model\"" food web""]",2026-09-04,no_defensible_model_found,"Search located CSIRO conservation characterization with conceptual trophic systems, but no demonstrated island-specific Ecopath model. Australian Indian Ocean territory must not be confused with Kiribati Christmas Island or Costa Rican Cocos Island.","[""https://www.dcceew.gov.au/sites/default/files/documents/conservation-christmas-cocos.pdf""]",[]
EEZ_184,Cook Islands,"[""\""Cook Islands\"" \""Ecopath\"""", ""\""Cook Islands\"" \""Ecosim\"" ecosystem model""]",2026-09-04,no_defensible_model_found,No direct Cook Islands model found. Warm-pool model citations or observer programmes mentioning Cook Islands do not demonstrate model coverage; 2007 model ends at 180°E and does not reach the Cook Islands.,"[""https://www.researchgate.net/publication/233858920_An_Ecopath_with_Ecosim_model_of_the_Western_and_Central_Pacific_Ocean_warm_pool_pelagic_ecosystem""]",[]
EEZ_219,Galapagos Isl. (Ecuador),"[""\""Galapagos\"" \""Ecopath\"" model"", ""\""Elucidating fishing effects in a large-predator dominated system\""""]",2026-09-04,partial_model_found,"Several models cover distinct Galápagos habitats: Darwin/Wolf, southeastern shelf, Bolivar Channel and penguin food web. None demonstrates complete EEZ coverage. Original PCA-2016 label overgeneralizes Darwin/Wolf as the entire Reserve.","[""https://www.sciencedirect.com/science/article/abs/pii/S1385110115300459"", ""https://media.suub.uni-bremen.de/bitstream/elib/892/1/00104645-1.pdf"", ""https://research.usfq.edu.ec/en/publications/food-web-modeling-of-the-southeastern-galapagos-shelf-ecosystem/"", ""https://journals.plos.org/plosone/article?id=10.1371/journal.pone.0296788""]","[{""existing_article_id"": ""PCA-2016"", ""coverage_class"": ""subregional"", ""coverage_note"": ""Darwin and Wolf Islands rocky reefs; manuscript in Ruiz 2015 thesis chapter 3 confirms geographic restriction."", ""geometry_bbox"": null, ""geometry_note"": ""No defensible model polygon or coordinates extracted; do not substitute the EEZ boundary.""}, {""article_id"": ""GAL-2021"", ""coverage_class"": ""subregional"", ""coverage_note"": ""Southeastern Galápagos shelf; 2001–2004 model."", ""geometry_bbox"": null, ""geometry_note"": ""No defensible model polygon or coordinates extracted; do not substitute the EEZ boundary.""}, {""article_id"": ""GAL-2024"", ""coverage_class"": ""subregional"", ""coverage_note"": ""Bolivar Channel food web and penguin-specific food web; contaminant-focused model."", ""geometry_bbox"": null, ""geometry_note"": ""No defensible model polygon or coordinates extracted; do not substitute the EEZ boundary.""}]"
EEZ_226,Equatorial Guinea,"[""\""Equatorial Guinea\"" \""Ecopath\"""", ""\""Equatorial Guinea\"" \""Ecosim\""""]",2026-09-04,no_defensible_model_found,Targeted Ecopath/Ecosim search did not locate an Equatorial Guinea model. Guinea and Guinea-Bissau models are different countries and were not reused.,[],[]
EEZ_238,Falkland Isl. (UK),"[""\""Falkland\"" \""Ecopath\""""]",2026-09-04,partial_model_found,"Existing Falkland Shelf model is directly relevant but does not establish entire EEZ coverage. Publisher dates article 12 February 2024, despite retained legacy ID PAT-2023. A broader 2005 Falklands model is also listed by EcoBase, but not substituted for an exact EEZ polygon.","[""https://www.cambridge.org/core/journals/journal-of-the-marine-biological-association-of-the-united-kingdom/article/unveiling-the-waspwaist-structure-of-the-falkland-shelf-ecosystem-the-role-of-doryteuthis-gahi-as-a-keystone-species-and-its-trophic-influences/1E8E9FA78843E0E5DB4F89D52469B698"", ""https://ecobase.ecopath.org/php/protect/base_model.php?action=base&ident=&lang=&model=411&pass=&provenance=web""]","[{""existing_article_id"": ""PAT-2023"", ""coverage_class"": ""subregional"", ""coverage_note"": ""Falkland Shelf/Falkland conservation-zone study and fisheries inputs; full offshore EEZ ecosystem equivalence unverified."", ""geometry_bbox"": null, ""geometry_note"": ""No defensible model polygon or coordinates extracted; do not substitute the EEZ boundary.""}]"
EEZ_239,South Georgia & Sandwich Isl. (UK),"[""\""South Georgia\"" \""Ecopath\"""", ""Hill 2012 \""South Georgia\"" \""model\"" site:nora.nerc.ac.uk""]",2026-09-04,partial_model_found,South Georgia shelf pelagic Ecopath model found. No direct South Sandwich Islands model confirmed; Antarctic Peninsula models must not be treated as local coverage.,"[""https://nora.nerc.ac.uk/id/eprint/16891/""]","[{""article_id"": ""SG-2012"", ""coverage_class"": ""subregional"", ""coverage_note"": ""South Georgia shelf pelagic food web only; no South Sandwich or offshore EEZ-wide representation."", ""geometry_bbox"": null, ""geometry_note"": ""No defensible model polygon or coordinates extracted; do not substitute the EEZ boundary.""}]"
EEZ_242,Fiji,"[""\""Fiji\"" \""Ecopath\"""", ""\""Fiji\"" \""Ecopath\"" food web model reef -site:fishbase.org -site:researchgate.net""]",2026-09-04,no_defensible_model_found,"Fiji reef study cites EwE as background but uses empirical mapping/random forests. No local EwE model confirmed. Main islands lie south of the 2007 warm-pool limit (15°S), so basin assignment was not inferred from Pacific-wide naming.","[""https://www.mdpi.com/2072-4292/3/3/460""]",[]
EEZ_258,French Polynesia,"[""\""French Polynesia\"" \""Ecopath\"""", ""\""Moorea\"" \""Trophic\"" \""Arias-Gonzalez\"" 1998""]",2026-09-04,partial_model_found,Published Ecopath models cover Moorea Tiahura fringing/barrier reef habitats. They represent only a small part of this large multi-archipelago EEZ.,"[""https://link.springer.com/article/10.1007/s003380050079"", ""https://ecobase.ecopath.org/php/protect/base_model.php?action=base&ident=&lang=&model=103&pass=&provenance=web""]","[{""article_id"": ""TIH-1997"", ""coverage_class"": ""subregional"", ""coverage_note"": ""Tiahura reef sector, Moorea: separate fringing and barrier reef models."", ""geometry_bbox"": null, ""geometry_note"": ""No defensible model polygon or coordinates extracted; do not substitute the EEZ boundary.""}]"
EEZ_312,Guadeloupe  (France),"[""\""Guadeloupe\"" \""Ecopath\"""", ""\""Trophic Model\"" \""Lesser Antilles\"" Mohammed 2008 FAO pdf""]",2026-09-04,proxy_only,"Lesser Antilles model explicitly aggregates island EEZs from Antigua/St Kitts to Trinidad. Useful regional pelagic context, with no separate country balance or whole-ecosystem EEZ reconstruction.","[""https://www.researchgate.net/publication/278677766_A_Trophic_Model_of_the_Lesser_Antilles_Pelagic_Ecosystem"", ""https://clmeplus.org/app/uploads/2020/06/Volume-2-CRFM-Fishery-Report-2011.pdf""]","[{""article_id"": ""LAPE-2008"", ""coverage_class"": ""basin_proxy"", ""coverage_note"": ""Included within the broader Lesser Antilles pelagic domain; aggregated food web does not resolve this EEZ separately."", ""geometry_bbox"": null, ""geometry_note"": ""No defensible model polygon or coordinates extracted; do not substitute the EEZ boundary.""}]"
EEZ_316,Guam (USA),"[""\""Guam\"" \""Ecopath\"""", ""\""Guam\"" Ecopath ecosystem model""]",2026-09-04,proxy_only,Guam-specific search chiefly returned Atlantis coral-reef work. The older warm-pool Ecopath oceanic domain includes Guam waters only as regional pelagic context.,"[""https://meetings.wcpfc.int/node/6157"", ""https://www.researchgate.net/publication/233858920_An_Ecopath_with_Ecosim_model_of_the_Western_and_Central_Pacific_Ocean_warm_pool_pelagic_ecosystem""]","[{""existing_article_id"": ""WCP-2007"", ""coverage_class"": ""basin_proxy"", ""coverage_note"": ""2007 warm-pool domain 110–180°E, 15°N–15°S includes waters around the target; no country-specific or reef food web."", ""geometry_bbox"": [110, -15, 180, 15], ""geometry_note"": ""Bounds explicitly reported in section 2.2 of author-uploaded WCPFC report; not the narrower 2012 model domain.""}]"
EEZ_334,Heard & McDonald Isl. (Australia),"[""\""Heard\"" \""McDonald\"" \""Ecopath\"""", ""\""Exploring ecosystem structure and function of the northern Kerguelen Plateau\"""", ""\""Time-Dynamic Food Web Modeling\"" Kerguelen""]",2026-09-04,proxy_only,"Kerguelen Plateau EwE studies explicitly extend their domain to Heard/McDonald and Australian fishing zones. They aggregate both French and Australian territories, not an independently balanced Heard/McDonald EEZ.","[""https://www.sciencedirect.com/science/article/abs/pii/S0967064519302437"", ""https://www.frontiersin.org/journals/marine-science/articles/10.3389/fmars.2020.00641/full""]","[{""article_id"": ""KPL-2020"", ""coverage_class"": ""basin_proxy"", ""coverage_note"": ""Northern Kerguelen Plateau model contains Heard/McDonald and French Kerguelen waters; aggregate regional food web."", ""geometry_bbox"": [60, -56, 80, -45], ""geometry_note"": ""Author-reported rectangular model domain (Figure 1 and model-domain text); genuine domain envelope, not EEZ-specific coverage.""}, {""article_id"": ""KPL-ECO-2020"", ""coverage_class"": ""basin_proxy"", ""coverage_note"": ""Northern Kerguelen Plateau model contains Heard/McDonald and French Kerguelen waters; aggregate regional food web."", ""geometry_bbox"": [60, -56, 80, -45], ""geometry_note"": ""Author-reported rectangular model domain (Figure 1 and model-domain text); genuine domain envelope, not EEZ-specific coverage.""}]"
EEZ_393,Japan (Daito Islands),"[""\""Daito\"" \""Ecopath\"""", ""\""Daito Islands\"" trophic model""]",2026-09-04,no_defensible_model_found,Daito Ecopath and trophic-model searches did not yield a local EwE study. Eastern Japan/Oyashio coastal models are geographically distinct and were not assigned.,"[""https://www.env.go.jp/en/nature/biodic/kaiyo-hozen/kaiiki/hyoso/411.html""]",[]
EEZ_396,Johnston Atoll (USA),"[""\""Johnston Atoll\"" Ecopath model""]",2026-09-04,no_defensible_model_found,"No island-specific Ecopath/EwE study located. Hawaiian reef models concern French Frigate Shoals, not Johnston; the verified 2007 warm-pool domain does not reach Johnston.","[""https://meetings.wcpfc.int/file/1787/download"", ""https://meetings.wcpfc.int/file/7748/download""]",[]
EEZ_462,Maldives,"[""Maldives Ecopath ecosystem model"", ""\""Maldives\"" \""Ecopath\"" -site:reddit.com -site:wikipedia.org"", ""\""Maldives\"" \""BOBLME\"" \""Ecopath\"" model region 1""]",2026-09-04,partial_model_found,BOBLME's explicit Maldives-and-open-waters component is useful but coarser than an EEZ-specific model; a tropical Indian Ocean pelagic model is an additional proxy.,"[""https://iotc.org/sites/default/files/documents/2025/08/IOTC-2025-WPEB21AS-38_-_Hindcasting_the_food-web_dynamics_of_the_tropical_Indian_Ocean_pelagic_ecosystem_over_the_last_two_decades.pdf"", ""https://www.boblme.org/documentRepository/BOBLME-2014-Ecology-09.pdf""]","[{""article_id"": ""IO-2025-HINDCAST"", ""coverage_class"": ""basin_proxy"", ""coverage_note"": ""Tropical Indian Ocean oceanic pelagic food web (0–500 m); not a resolved island reef/plateau model."", ""geometry_bbox"": null, ""geometry_note"": ""Exact study polygon not digitized or verified; no invented bounding box.""}, {""article_id"": ""BOB-2014-EXPLORATORY"", ""coverage_class"": ""subregional"", ""coverage_note"": ""Region 1 explicitly represents Maldives and adjacent open waters; a larger ecological component, not a national EEZ polygon."", ""geometry_bbox"": null, ""geometry_note"": ""Exact study polygon not digitized or verified; no invented bounding box.""}]"
EEZ_474,Martinique (France),"[""Martinique Ecopath model"", ""\""Martinique\"" \""Ecopath\"" trophique"", ""\""A Trophic Model of the Lesser Antilles Pelagic Ecosystem\"" FAO""]",2026-09-04,proxy_only,"No standalone Martinique model verified. Caribbean regional model is a basin proxy. Also located the 2008 Lesser Antilles Pelagic Ecosystem report, which explicitly accounts for Martinique catch, but did not locate an authentic primary-hosted full report download in this pass.","[""https://epub.sub.uni-hamburg.de/epub/volltexte/2011/11876/pdf/17_2.pdf""]","[{""existing_article_id"": ""CAR-2009"", ""coverage_class"": ""basin_proxy"", ""coverage_note"": ""Caribbean regional food-web model only; no island-specific calibration or national EEZ boundary implied."", ""geometry_bbox"": null, ""geometry_note"": ""Exact study polygon not digitized or verified; no invented bounding box.""}]"
EEZ_480,Mauritius,"[""Mauritius Ecopath model""]",2026-09-04,no_defensible_model_found,MODIME project brief explicitly proposes an EwE model for Wakashio oil effects; it is labelled ongoing and does not provide a completed model or model inputs. Do not count the brief as an available model.,"[""https://www.repository.mu/mrc/out/out.FrontDocumentDetails.php?documentid=920"", ""https://www.repository.mu/mrc/op/op.DownloadFromOutside.php?documentid=920&version=1""]",[]
EEZ_488,Hawaii Northwest Islands (USA),"[""\""Northwestern Hawaiian\"" \""Ecopath\""""]",2026-09-04,partial_model_found,French Frigate Shoals model in existing HAW-2013 is a defensible local study; it is not whole-EEZ coverage.,"[""https://pmc.ncbi.nlm.nih.gov/articles/PMC3667803/""]","[{""existing_article_id"": ""HAW-2013"", ""coverage_class"": ""subregional"", ""coverage_note"": ""French Frigate Shoals coral reef component only; other Hawaiian comparison sites do not expand this to the Northwest Hawaiian EEZ."", ""geometry_bbox"": null, ""geometry_note"": ""Exact study polygon not digitized or verified; no invented bounding box.""}]"
EEZ_520,Nauru,"[""\""Nauru\"" \""Ecopath\""""]",2026-09-04,proxy_only,No island/reef-specific study located. Regional warm-pool pelagic model provides only pooled oceanic context.,"[""https://meetings.wcpfc.int/file/1787/download""]","[{""existing_article_id"": ""WCP-2007"", ""coverage_class"": ""basin_proxy"", ""coverage_note"": ""Regional warm-pool pelagic model; fixed bounds 110–180 E and 15 S–15 N. Pooled food web, not an island reef or nationally resolved EEZ model."", ""geometry_bbox"": [110, -15, 180, 15], ""geometry_note"": ""Published rectangular model domain; not an EEZ-clipped study polygon.""}]"
EEZ_540,New Caledonia (France),"[""\""New Caledonia\"" \""Ecopath\""""]",2026-09-04,partial_model_found,Verified Ecopath study of Uvea shallow lagoon. New Caledonia author affiliations on warm-pool reports do not establish model coverage.,"[""https://halieutique.institut-agro.fr/files/fichiers/pdf/3455.pdf""]","[{""article_id"": ""NC-UVEA-2004"", ""coverage_class"": ""subregional"", ""coverage_note"": ""Shallow lagoon of Uvea atoll, defined by the 20 m isobath; a small component of New Caledonia EEZ."", ""geometry_bbox"": null, ""geometry_note"": ""Exact study polygon not digitized or verified; no invented bounding box.""}]"
EEZ_548,Vanuatu,"[""\""Vanuatu\"" \""Ecopath\""""]",2026-09-04,proxy_only,No local reef model located. Warm-pool pelagic domain reaches northern Vanuatu waters only; it cannot represent the whole EEZ.,"[""https://meetings.wcpfc.int/file/1787/download""]","[{""existing_article_id"": ""WCP-2007"", ""coverage_class"": ""basin_proxy"", ""coverage_note"": ""Regional warm-pool pelagic model; fixed bounds 110–180 E and 15 S–15 N. Pooled food web, not an island reef or nationally resolved EEZ model."", ""geometry_bbox"": [110, -15, 180, 15], ""geometry_note"": ""Published rectangular model domain; not an EEZ-clipped study polygon.""}]"
EEZ_554,New Zealand,"[""\""New Zealand\"" \""Ecopath\"" model download""]",2026-09-04,partial_model_found,Verified Southern Plateau model and a more recent Tasman/Golden Bays EwE model. Both are subregional.,"[""https://niwa.co.nz/fisheries/ecosystem-modelling-niwa/ecopath-ecosim-ewe"", ""https://peerj.com/articles/11712.pdf"", ""https://github.com/mcgregorv/TBGB"", ""https://www.mpi.govt.nz/dmsdocument/70133/direct""]","[{""existing_article_id"": ""NZ-2003"", ""coverage_class"": ""subregional"", ""coverage_note"": ""Southern Plateau subantarctic waters only."", ""geometry_bbox"": null, ""geometry_note"": ""Exact study polygon not digitized or verified; no invented bounding box.""}, {""article_id"": ""NZ-2021-TBGB"", ""coverage_class"": ""subregional"", ""coverage_note"": ""Tasman and Golden Bays on the northern South Island; local semi-enclosed embayments, not New Zealand's whole EEZ."", ""geometry_bbox"": null, ""geometry_note"": ""Exact study polygon not digitized or verified; no invented bounding box.""}]"
EEZ_570,Niue (New Zealand),"[""\""Niue\"" \""Ecopath\""""]",2026-09-04,no_defensible_model_found,No defensible island-specific model located. Niue lies east/south of the fixed 2007 warm-pool domain; that report is not assigned.,"[""https://meetings.wcpfc.int/file/1787/download"", ""https://meetings.wcpfc.int/file/7748/download""]",[]
EEZ_574,Norfolk Isl. (Australia),"[""\""Norfolk Island\"" \""Ecopath\"""", ""\""Norfolk\"" \""Ecosim\"" fish""]",2026-09-04,no_defensible_model_found,"No defensible island-specific model located. Norfolk Bay, Tasmania and Norfolk, Virginia are false-positive place-name matches and were excluded.",[],[]
EEZ_580,Northern Marianas (USA),"[""\""Northern Mariana\"" \""Ecopath\""""]",2026-09-04,proxy_only,No dedicated CNMI model verified. Only a regional pelagic proxy for the southern part of this north-south archipelago is defensible.,"[""https://meetings.wcpfc.int/file/1787/download""]","[{""existing_article_id"": ""WCP-2007"", ""coverage_class"": ""basin_proxy"", ""coverage_note"": ""Regional warm-pool pelagic model; fixed bounds 110–180 E and 15 S–15 N. Pooled food web, not an island reef or nationally resolved EEZ model."", ""geometry_bbox"": [110, -15, 180, 15], ""geometry_note"": ""Published rectangular model domain; not an EEZ-clipped study polygon.""}]"
EEZ_583,Micronesia (Federated States of),"[""\""Micronesia\"" \""Ecopath\"" model""]",2026-09-04,proxy_only,No dedicated reef/EEZ study located. Warm-pool model is a regional pelagic proxy; publication location in Pohnpei is not itself coverage evidence.,"[""https://meetings.wcpfc.int/file/1787/download""]","[{""existing_article_id"": ""WCP-2007"", ""coverage_class"": ""basin_proxy"", ""coverage_note"": ""Regional warm-pool pelagic model; fixed bounds 110–180 E and 15 S–15 N. Pooled food web, not an island reef or nationally resolved EEZ model."", ""geometry_bbox"": [110, -15, 180, 15], ""geometry_note"": ""Published rectangular model domain; not an EEZ-clipped study polygon.""}]"
EEZ_584,Marshall Isl.,"[""\""Marshall Islands\"" \""Ecopath\""""]",2026-09-04,proxy_only,No dedicated island/reef model verified. Warm-pool model supplies pooled pelagic context.,"[""https://meetings.wcpfc.int/file/1787/download""]","[{""existing_article_id"": ""WCP-2007"", ""coverage_class"": ""basin_proxy"", ""coverage_note"": ""Regional warm-pool pelagic model; fixed bounds 110–180 E and 15 S–15 N. Pooled food web, not an island reef or nationally resolved EEZ model."", ""geometry_bbox"": [110, -15, 180, 15], ""geometry_note"": ""Published rectangular model domain; not an EEZ-clipped study polygon.""}]"
EEZ_585,Palau,"[""\""Palau\"" \""Ecopath\""""]",2026-09-04,proxy_only,No island-specific EwE model verified. Warm-pool domain overlaps Palau but is only a broad pelagic proxy.,"[""https://meetings.wcpfc.int/file/1787/download""]","[{""existing_article_id"": ""WCP-2007"", ""coverage_class"": ""basin_proxy"", ""coverage_note"": ""Regional warm-pool pelagic model; fixed bounds 110–180 E and 15 S–15 N. Pooled food web, not an island reef or nationally resolved EEZ model."", ""geometry_bbox"": [110, -15, 180, 15], ""geometry_note"": ""Published rectangular model domain; not an EEZ-clipped study polygon.""}]"
EEZ_598,Papua New Guinea,"[""\""Papua New Guinea\"" \""Ecopath\""""]",2026-09-04,proxy_only,No local reef or national EEZ model verified in this pass. Regional warm-pool model overlaps Papua New Guinea oceanic waters.,"[""https://meetings.wcpfc.int/file/1787/download""]","[{""existing_article_id"": ""WCP-2007"", ""coverage_class"": ""basin_proxy"", ""coverage_note"": ""Regional warm-pool pelagic model; fixed bounds 110–180 E and 15 S–15 N. Pooled food web, not an island reef or nationally resolved EEZ model."", ""geometry_bbox"": [110, -15, 180, 15], ""geometry_note"": ""Published rectangular model domain; not an EEZ-clipped study polygon.""}]"
EEZ_612,Pitcairn (UK),"[""\""Pitcairn\"" \""Ecopath\""""]",2026-09-04,no_defensible_model_found,No defensible local model found. WCPO workshop participation references are not a model for Pitcairn; the 2007 fixed domain excludes Pitcairn.,"[""https://meetings.wcpfc.int/file/1787/download"", ""https://meetings.wcpfc.int/file/7748/download""]",[]
EEZ_621,Madeira Isl. (Portugal),"[""\""Madeira\"" \""Ecopath\""""]",2026-09-04,direct_model_found,Verified 2024 Madeira EEZ model. Madeira River models from Brazil were excluded.,"[""https://www.sciencedirect.com/science/article/abs/pii/S0141113624000436"", ""https://pubmed.ncbi.nlm.nih.gov/38309039/"", ""https://repositorio.ulisboa.pt/entities/publication/e8bf9524-0383-477c-8a65-adc6668c8f11""]","[{""article_id"": ""MADEIRA-2024"", ""coverage_class"": ""whole_eez"", ""coverage_note"": ""Authors describe a model for Madeira archipelago's marine EEZ, including coastal/open-ocean and epipelagic/deep-sea groups."", ""geometry_bbox"": null, ""geometry_note"": ""Exact study polygon not digitized or verified; no invented bounding box.""}]"
EEZ_622,Azores Isl. (Portugal),"[""\""Azores\"" \""Ecopath\""""]",2026-09-04,direct_model_found,Verified 2016 model explicitly confined to the Azores EEZ.,"[""https://www.frontiersin.org/journals/marine-science/articles/10.3389/fmars.2016.00245/full""]","[{""article_id"": ""AZO-2016"", ""coverage_class"": ""whole_eez"", ""coverage_note"": ""Study explicitly confined to Azores EEZ (954,563 km²); 1997 reference model."", ""geometry_bbox"": null, ""geometry_note"": ""Exact study polygon not digitized or verified; no invented bounding box.""}]"
EEZ_626,Timor Leste,"[""\""Timor\"" \""Ecopath\""""]",2026-09-04,no_defensible_model_found,"Search located a training-workshop reference to participants from Timor Leste, not a model for Timorese waters. No defensible local model was verified.","[""https://rekam.org/en/blog/lagi-frci-adakan-pelatihan-ecosystem-based-fisheries-management-kali-ini-untuk-staf-kkp-brin-dan-akademisi/show""]",[]
EEZ_638,Réunion (France),"[""\""Réunion\"" \""Ecopath\"""", ""\""Réunion Island\"" \""Ecopath\"" coral""]",2026-09-04,no_defensible_model_found,No dedicated model verified. French-language meeting notices (réunion) and the unrelated ECOPATH seabird-disease programme were excluded as false positives.,[],[]
EEZ_654,Saint Helena (UK),"[""\""Saint Helena\"" \""Ecopath\"""", ""\""Saint Helena\"" \""Ecosim\"""", ""\""Saint Helena\"" \""Ecopath\"" marine model -site:reddit.com""]",2026-09-04,no_defensible_model_found,No Ecopath/EwE model verified. Tuna habitat-distribution and ecosystem-service studies are not trophic mass-balance models.,[],[]
EEZ_660,Anguilla (UK),"[""\""Anguilla\"" \""Ecopath\"" ecosystem""]",2026-09-04,proxy_only,No island-specific model verified. Many hits concern the eel genus Anguilla and were excluded. Caribbean model retained only as a broad basin proxy.,"[""https://epub.sub.uni-hamburg.de/epub/volltexte/2011/11876/pdf/17_2.pdf""]","[{""existing_article_id"": ""CAR-2009"", ""coverage_class"": ""basin_proxy"", ""coverage_note"": ""Caribbean regional food-web model only; no island-specific calibration or national EEZ boundary implied."", ""geometry_bbox"": null, ""geometry_note"": ""Exact study polygon not digitized or verified; no invented bounding box.""}]"
EEZ_690,Seychelles,"[""\""Seychelles\"" \""Ecopath\"""", ""\""Seychelles\"" \""trophic model\"" Ecopath""]",2026-09-04,proxy_only,No local reef/plateau model verified. Tropical Indian Ocean EwE is a pelagic basin proxy; Seychelles fleet parameters do not mean the model resolves its EEZ.,"[""https://iotc.org/sites/default/files/documents/2025/08/IOTC-2025-WPEB21AS-38_-_Hindcasting_the_food-web_dynamics_of_the_tropical_Indian_Ocean_pelagic_ecosystem_over_the_last_two_decades.pdf""]","[{""article_id"": ""IO-2025-HINDCAST"", ""coverage_class"": ""basin_proxy"", ""coverage_note"": ""Tropical Indian Ocean oceanic pelagic food web (0–500 m); not a resolved island reef/plateau model."", ""geometry_bbox"": null, ""geometry_note"": ""Exact study polygon not digitized or verified; no invented bounding box.""}]"
EEZ_711,Prince Edward Isl. (South Africa),"[""\""Prince Edward Islands\"" \""Ecopath\""""]",2026-09-04,direct_model_found,Verified EEZ-scale Prince Edward archipelago model and its detailed thesis documentation across three decades.,"[""https://www.sciencedirect.com/science/article/abs/pii/S0304380014004232"", ""https://www.collectionscanada.gc.ca/obj/thesescanada/vol2/BVAU/TC-BVAU-45694.pdf"", ""https://library-archives.canada.ca/eng/services/services-libraries/theses/Pages/item.aspx?idNumber=1032916499""]","[{""article_id"": ""PEI-2014"", ""coverage_class"": ""whole_eez"", ""coverage_note"": ""Prince Edward archipelago EEZ-scale model across 1960s, 1980s and 2000s; do not substitute Kerguelen EEZ."", ""geometry_bbox"": null, ""geometry_note"": ""Exact study polygon not digitized or verified; no invented bounding box.""}, {""article_id"": ""PEI-2013-THESIS"", ""coverage_class"": ""whole_eez"", ""coverage_note"": ""Thesis documents EEZ-scale model and additional spatial scales for the Prince Edward archipelago."", ""geometry_bbox"": null, ""geometry_note"": ""Exact study polygon not digitized or verified; no invented bounding box.""}]"
EEZ_723,Canary Isl. (Spain),"[""\""Canary Islands\"" \""Ecopath\""""]",2026-09-04,partial_model_found,Verified El Hierro shallow rocky-bottom model. Other regional candidates include Tenerife-La Gomera and Gran Canaria; continental Northwest African models should not be labelled Canary island models.,"[""https://riull.ull.es/xmlui/handle/915/19325"", ""https://www.sciencedirect.com/science/article/abs/pii/S0141113621000970""]","[{""article_id"": ""CAN-ELHIERRO-2019"", ""coverage_class"": ""subregional"", ""coverage_note"": ""Shallow rocky-bottom sublittoral ecosystem of El Hierro only; not all Canary islands or entire EEZ."", ""geometry_bbox"": null, ""geometry_note"": ""Exact study polygon not digitized or verified; no invented bounding box.""}]"
EEZ_772,Tokelau (New Zealand),"[""\""Tokelau\"" \""Ecopath\""""]",2026-09-04,no_defensible_model_found,No local model verified. The 2007 warm-pool model ends at 180 degrees and does not directly cover Tokelau.,"[""https://meetings.wcpfc.int/file/1787/download"", ""https://meetings.wcpfc.int/file/7748/download""]",[]
EEZ_776,Tonga,"[""\""Tonga\"" \""Ecopath\""""]",2026-09-04,no_defensible_model_found,No local model verified. Tonga lies east/south of the verified 2007 warm-pool domain; no assignment made.,"[""https://meetings.wcpfc.int/file/1787/download"", ""https://meetings.wcpfc.int/file/7748/download""]",[]
EEZ_796,Turks & Caicos Isl. (UK),"[""\""Turks and Caicos\"" Ecopath model"", ""\""Turks\"" \""Caicos\"" \""Ecopath\"" model Caribbean""]",2026-09-04,no_defensible_model_found,No local EwE found. CRFM report mentions future Ecopath training rather than a Turks and Caicos ecosystem model. Caribbean-wide models are not equated to this Bahamas/Atlantic EEZ.,"[""https://ftp.crfm.int/~uwohxjxf/images/Report_of_the_Sixth_Annual_Scientific_Meeting.pdf""]",[]
EEZ_798,Tuvalu,"[""Tuvalu Ecopath ecosystem model"", ""\""Tuvalu\"" \""Ecopath\"" model warm pool"", ""Existing basin model domain checked against selected EEZ polygon""]",2026-09-04,proxy_only,"Targeted geographic Ecopath/EwE search returned no verified local marine mass-balance model. This is a search outcome, not evidence that no unpublished model exists. No unsupported full-EEZ assignment or island-surrounding rectangle added. Geographic follow-up: Only the Tuvalu EEZ portion west of 180 degrees overlaps the published 110-180 E, 15 S-15 N warm-pool model domain. Use as an oceanic basin proxy, not a whole-EEZ or coastal-fishery model.","[""https://meetings.wcpfc.int/file/1787/download""]","[{""existing_article_id"": ""WCP-2007"", ""coverage_class"": ""basin_proxy"", ""coverage_note"": ""Only the Tuvalu EEZ portion west of 180 degrees overlaps the published 110-180 E, 15 S-15 N warm-pool model domain. Use as an oceanic basin proxy, not a whole-EEZ or coastal-fishery model."", ""geometry_bbox"": [110, -15, 180, 15], ""geometry_note"": ""Published broad study bounds; no EEZ-specific author polygon.""}]"
EEZ_842,Hawaii Main Islands (USA),"[""Hawaii Ecopath Ecosim ecosystem model supplemental"", ""\""Supporting Ecosystem-based Fisheries Management\"" \""Hawaii\"" pdf fsaa194""]",2026-09-04,partial_model_found,Verified local models cover coastal reef and deeper insular habitats. Their domain is not the whole offshore EEZ. NOAA archive provides input tables for the newer model; no native model import was performed.,"[""https://www.fisheries.noaa.gov/inport/item/63158"", ""https://journals.plos.org/plosone/article?id=10.1371/journal.pone.0063797""]","[{""article_id"": ""MHI-2021"", ""coverage_class"": ""subregional"", ""coverage_note"": ""Main Hawaiian Islands reef and deepwater fisheries model; no evidence that offshore oceanic EEZ is represented."", ""geometry_bbox"": null, ""geometry_note"": ""Published study location identified, but no defensible numeric model-domain bounding box was extracted; exact author boundary remains unresolved.""}, {""existing_article_id"": ""HAW-2013"", ""coverage_class"": ""subregional"", ""coverage_note"": ""Oahu and Kona coast models fall in Main Hawaiian Islands; French Frigate Shoals model in the same article is outside this unit."", ""geometry_bbox"": null, ""geometry_note"": ""Published study location identified, but no defensible numeric model-domain bounding box was extracted; exact author boundary remains unresolved.""}]"
EEZ_844,Palmyra Atoll & Kingman Reef (USA),"[""\""Palmyra\"" \""Ecopath\"""", ""\""Palmyra\"" \""Kingman\"" \""trophic model\""""]",2026-09-04,no_defensible_model_found,"Searches found coral-reef trophic structure and isotope studies, but did not verify a Palmyra/Kingman Ecopath model. Hawaii reef models are geographically separate and were not assigned.","[""https://oceantoday.noaa.gov/oceanasalab_lineislandcorals/""]",[]
EEZ_845,Jarvis Isl. (USA),"[""\""Jarvis\"" \""Ecopath\"""", ""\""Jarvis Island\"" \""trophic model\""""]",2026-09-04,no_defensible_model_found,"No verified island-specific Ecopath model found. NOAA coral bleaching and field monitoring studies are contextual data, not loadable EwE models.","[""https://www.nature.com/articles/s42003-018-0183-7""]",[]
EEZ_846,Howland & Baker Isl. (USA),"[""\""Howland\"" \""Baker\"" \""Ecopath\"""", ""\""Howland\"" \""Baker\"" \""trophic model\""""]",2026-09-04,no_defensible_model_found,"Targeted geographic Ecopath/EwE search returned no verified local marine mass-balance model. This is a search outcome, not evidence that no unpublished model exists. No unsupported full-EEZ assignment or island-surrounding rectangle added.",[],[]
EEZ_855,Ascension Isl. (UK),"[""\""Ascension\"" \""Ecopath\"""", ""\""Ascension Island\"" Ecosim trophic""]",2026-09-04,no_defensible_model_found,No local Ecopath/EwE found. Ascension Bay Mexican Caribbean models are a name collision. Ascension Island integrated ecosystem assessment uses ODEMM and was excluded as a non-EwE method.,"[""https://www.frontiersin.org/journals/marine-science/articles/10.3389/fmars.2023.1001676/full"", ""https://www.plymouth.ac.uk/research/c-cope/building-baseline-knowledge-of-mesophotic-ecosystems-in-ascension-island-mpa""]",[]
EEZ_856,Tristan da Cunha Isl. (UK),"[""\""Tristan da Cunha\"" \""Ecopath\"""", ""\""Tristan da Cunha\"" Ecosim trophic""]",2026-09-04,no_defensible_model_found,"Ecosystem field assessments, carbon assessments, and lobster/seabird interactions found; no verified Ecopath/Ecosim model or complete trophic parameter set for the EEZ.","[""https://media.nationalgeographic.org/assets/file/PristineSeasTristandaCunhaScientificReport.pdf"", ""https://www.bas.ac.uk/project/protecting-marine-ecosystems-in-the-south-atlantic/""]",[]
EEZ_872,Wake Isl. (USA),"[""\""Wake Island\"" Ecopath model""]",2026-09-04,no_defensible_model_found,"Targeted geographic Ecopath/EwE search returned no verified local marine mass-balance model. This is a search outcome, not evidence that no unpublished model exists. No unsupported full-EEZ assignment or island-surrounding rectangle added.",[],[]
EEZ_876,Wallis & Futuna Isl. (France),"[""\""Wallis\"" \""Futuna\"" Ecopath""]",2026-09-04,no_defensible_model_found,No local EwE model verified. Official biodiversity and reef-assessment material documents local systems but supplies no identified mass-balance model.,"[""https://ofb.gouv.fr/wallis-et-futuna"", ""https://ifrecor.fr/comite-wallis-futuna/""]",[]
EEZ_882,Samoa,"[""Samoa Ecopath trophic model"", ""\""Samoa\"" \""Ecopath\"" ecosystem""]",2026-09-04,no_defensible_model_found,No independent Samoa model verified. American Samoa reports mentioning Hawaiian Ecopath work do not establish coverage of the independent Samoa EEZ.,"[""https://www.wpcouncil.org/wp-content/uploads/2022/07/American-Samoa-FEP-SAFE-Report-2021-Final-v1.pdf""]",[]
EEZ_895,St Paul & Amsterdam Isl. (France),"[""\""Amsterdam\"" \""Saint Paul\"" Ecopath"", ""\""Saint Paul\"" \""Amsterdam\"" \""Ecopath\"" trophic""]",2026-09-04,no_defensible_model_found,"The prominent IPEV 1151 ECOPATH hit is a pathogen ecology programme, not Ecopath with Ecosim trophic modelling. Crozet/Kerguelen food webs do not establish Amsterdam/Saint Paul coverage.","[""https://www.avis-biodiversite.developpement-durable.gouv.fr/IMG/pdf/2022-03-20x-00486_ipev_1151_ecopath_taaf_avis_du_05_2022-2.pdf""]",[]
EEZ_896,Crozet Isl. (France),"[""Crozet Ecopath Clavareau model"", ""\""Crozet\"" \""Ecopath\"" depredation"", ""\""fsaa219\"" supplementary pdf""]",2026-09-04,partial_model_found,Crozet is explicitly represented in a combined Crozet/Kerguelen 2017 model using shared mobile groups and area-specific food webs. Conservative subregional classification until the model's spatial extent is recovered.,"[""https://academic.oup.com/icesjms/article/77/7-8/3153/6000671"", ""https://archimer.ifremer.fr/doc/00661/77317/""]","[{""article_id"": ""CROKER-2020"", ""coverage_class"": ""subregional"", ""coverage_note"": ""Crozet-specific groups and fishery are explicitly represented; combined model also includes Kerguelen. The island location coordinates in the text are not a model boundary."", ""geometry_bbox"": null, ""geometry_note"": ""Published study location identified, but no defensible numeric model-domain bounding box was extracted; exact author boundary remains unresolved.""}]"
EEZ_897,Kerguelen Isl. (France),"[""Kerguelen Ecopath 2005 ecosystem model"", ""\""Exploring ecosystem structure\"" \""Kerguelen\"" 2020 doi"", ""\""An ecosystem model of the Kerguelen Islands’ EEZ\"" pdf""]",2026-09-04,direct_model_found,"Existing KER-2005 is geographically reassigned to the actual Kerguelen EEZ. Two newer study options found, including a documented rectangular Kerguelen Plateau domain. Newer model time-series data have confidentiality restrictions.","[""https://ecobase.ecopath.org/php/protect/base_model.php?action=base&ident=&lang=&model=480&pass=&provenance=web"", ""https://www.frontiersin.org/journals/marine-science/articles/10.3389/fmars.2020.00641/full"", ""https://archimer.ifremer.fr/doc/00661/77317/""]","[{""existing_article_id"": ""KER-2005"", ""coverage_class"": ""whole_eez"", ""coverage_note"": ""Authors explicitly model Kerguelen periinsular shelf and surrounding slopes to the EEZ limit, 575,000 km2, 1987–1988. Corrects original high-seas association."", ""geometry_bbox"": null, ""geometry_note"": ""Full EEZ intent documented; exact model polygon not recovered. Do not reuse a high-seas geometry from the original catalogue.""}, {""article_id"": ""KERP-2020"", ""coverage_class"": ""basin_proxy"", ""coverage_note"": ""Broader Kerguelen Plateau encompasses Kerguelen plus Heard/McDonald fishing zones; regional averaged food web rather than separate EEZ model."", ""geometry_bbox"": [60, -56, 80, -45], ""geometry_note"": ""Figure 1 explicitly defines domain 60–80 E and 45–56 S; rectangle is the published model domain, not a claimed EEZ polygon.""}, {""article_id"": ""CROKER-2020"", ""coverage_class"": ""subregional"", ""coverage_note"": ""Kerguelen-specific food web and fishery within combined Crozet/Kerguelen model; mobile groups shared."", ""geometry_bbox"": null, ""geometry_note"": ""Published study location identified, but no defensible numeric model-domain bounding box was extracted; exact author boundary remains unresolved.""}]"
EEZ_898,Clipperton Isl. (France),"[""Clipperton Ecopath trophic model""]",2026-09-04,proxy_only,"No Clipperton reef or full EEZ model verified. ETP pelagic study is a defensible broad offshore proxy, explicitly not a local reconstruction.","[""https://iattc.org/GetAttachment/a9af047c-f131-42a7-88b4-19cbc52eb1a0/SAR-03-22_Ecosystem-modeling.pdf""]","[{""existing_article_id"": ""ETP-2003"", ""coverage_class"": ""basin_proxy"", ""coverage_note"": ""Clipperton lies inside the published ETP domain (20 N–20 S, 150 W to American shelf break); applies to pelagic food web, not island reef/benthic habitat."", ""geometry_bbox"": null, ""geometry_note"": ""Published west/north/south limits verified; eastern shelf-break boundary is not a numeric rectangle and is not invented.""}]"
EEZ_904,St Barthelemy (France),"[""\""Saint Barthelemy\"" Ecopath model""]",2026-09-04,no_defensible_model_found,"Targeted geographic Ecopath/EwE search returned no verified local marine mass-balance model. This is a search outcome, not evidence that no unpublished model exists. No unsupported full-EEZ assignment or island-surrounding rectangle added.",[],[]
EEZ_905,St Martin (France),"[""\""St Martin\"" Ecopath""]",2026-09-04,no_defensible_model_found,No local mass-balance model verified; reef inventories and management material found. No adjacent-island or Caribbean-wide model substituted as full EEZ coverage.,"[""https://ifrecor.fr/comite-saint-martin/""]",[]
EEZ_909,Sint Maarten (Netherlands),"[""\""Sint Maarten\"" Ecopath""]",2026-09-04,no_defensible_model_found,No local Ecopath model verified. Nature policy inventories are not trophic-model documentation; adjacent islands were not substituted.,"[""https://www1.sintmaartengov.org/Documents/Policies/Nature%20Policy%20Plan%20Sint%20Maarten%202021-2025.pdf""]",[]
EEZ_910,South Orkney Islands (UK),"[""\""South Orkney\"" Ecopath model"", ""\""South Orkney\"" \""Ecopath with Ecosim\""""]",2026-09-04,no_defensible_model_found,"Antarctic Peninsula/CCAMLR 48.1 model hits reference South Orkney in background, but their defined domain does not establish coverage of South Orkney/48.2. Local benthic surveys are not Ecopath models; no assignment made.","[""https://pmc.ncbi.nlm.nih.gov/articles/PMC6445414/"", ""https://www.bas.ac.uk/project/so-anteco/""]",[]
EEZ_930,Costa Rica (Pacific),"[""\""Costa Rica\"" Ecopath model"", ""\""A trophic flow model of the Golfo de Nicoya\"" pdf"", ""\""Gulf of Nicoya\"" Ecopath 2013 Alms Wolff"", ""\""Identification of Drivers of Change of the Gulf of Nicoya\""""]",2026-09-04,partial_model_found,"Gulf of Nicoya 1,530 km2 mass-balance model and dynamic extension found. These are local Pacific estuary studies, not the entire Costa Rica Pacific EEZ; offshore ETP proxy is separately identified.","[""https://cris.leibniz-zmt.de/id/eprint/5765/"", ""https://www.frontiersin.org/journals/marine-science/articles/10.3389/fmars.2020.00707/full"", ""https://iattc.org/GetAttachment/a9af047c-f131-42a7-88b4-19cbc52eb1a0/SAR-03-22_Ecosystem-modeling.pdf""]","[{""article_id"": ""NICOYA-1998"", ""coverage_class"": ""subregional"", ""coverage_note"": ""Gulf of Nicoya estuary, 1,530 km2, northwest Pacific coast of Costa Rica."", ""geometry_bbox"": null, ""geometry_note"": ""Published study location identified, but no defensible numeric model-domain bounding box was extracted; exact author boundary remains unresolved.""}, {""article_id"": ""NICOYA-2020"", ""coverage_class"": ""subregional"", ""coverage_note"": ""Same Gulf of Nicoya estuarine system, dynamic fisheries/environment assessment."", ""geometry_bbox"": null, ""geometry_note"": ""Published study location identified, but no defensible numeric model-domain bounding box was extracted; exact author boundary remains unresolved.""}, {""existing_article_id"": ""ETP-2003"", ""coverage_class"": ""basin_proxy"", ""coverage_note"": ""Offshore Pacific waters fall within ETP pelagic model domain; coastal/artisanal fisheries and estuarine systems are excluded from that model."", ""geometry_bbox"": null, ""geometry_note"": ""No simple numeric rectangle represents the published eastern shelf-break boundary.""}]"
EEZ_938,Indonesia (Indian Ocean),"[""Indonesia Indian Ocean Ecopath south Java Sumatra model"", ""\""Indonesia\"" \""Ecopath\"" \""Indian\"""", ""\""Teluk Ekas\"" \""Ecopath\"" 2005""]",2026-09-04,partial_model_found,Ekas Bay is explicitly on southern Lombok and connected to the Indian Ocean. The Java Sea model is not reassigned to Indonesia's Indian-Ocean unit.,"[""https://ejournal.undip.ac.id/index.php/ijms/article/view/2293""]","[{""article_id"": ""EKAS-2005"", ""coverage_class"": ""subregional"", ""coverage_note"": ""Ekas Bay, southern Lombok, a small semi-enclosed bay connected to the Indian Ocean; not wider Indonesia EEZ."", ""geometry_bbox"": null, ""geometry_note"": ""Published study location identified, but no defensible numeric model-domain bounding box was extracted; exact author boundary remains unresolved.""}]"
EEZ_941,Kiribati (Gilbert Islands),"[""\""Gilbert Islands\"" Ecopath"", ""\""Kiribati\"" \""Ecopath\"""", ""Existing basin model domain checked against selected EEZ polygon""]",2026-09-04,proxy_only,"Targeted geographic Ecopath/EwE search returned no verified local marine mass-balance model. This is a search outcome, not evidence that no unpublished model exists. No unsupported full-EEZ assignment or island-surrounding rectangle added. Geographic follow-up: Most of the Gilbert Islands EEZ lies within the published 110-180 E, 15 S-15 N warm-pool model domain. Its small portion east of the dateline is outside. Use only as an oceanic basin proxy; national PPR and reef fisheries are not resolved.","[""https://meetings.wcpfc.int/file/1787/download""]","[{""existing_article_id"": ""WCP-2007"", ""coverage_class"": ""basin_proxy"", ""coverage_note"": ""Most of the Gilbert Islands EEZ lies within the published 110-180 E, 15 S-15 N warm-pool model domain. Its small portion east of the dateline is outside. Use only as an oceanic basin proxy; national PPR and reef fisheries are not resolved."", ""geometry_bbox"": [110, -15, 180, 15], ""geometry_note"": ""Published broad study bounds; no EEZ-specific author polygon.""}]"
EEZ_942,Kiribati (Line Islands),"[""\""Line Islands\"" Ecopath"", ""\""Kiribati\"" \""Ecopath\"""", ""Existing basin model domain checked against selected EEZ polygon""]",2026-09-04,proxy_only,"Targeted geographic Ecopath/EwE search returned no verified local marine mass-balance model. This is a search outcome, not evidence that no unpublished model exists. No unsupported full-EEZ assignment or island-surrounding rectangle added. Geographic follow-up: Only the southeastern oceanic part of the Line Islands EEZ east of 150 W overlaps the published ETP model domain. The model excludes small coastal/artisanal fisheries and is a partial oceanic proxy, not a whole-EEZ model.","[""https://iattc.org/GetAttachment/a9af047c-f131-42a7-88b4-19cbc52eb1a0/SAR-03-22_Ecosystem-modeling.pdf""]","[{""existing_article_id"": ""ETP-2003"", ""coverage_class"": ""basin_proxy"", ""coverage_note"": ""Only the southeastern oceanic part of the Line Islands EEZ east of 150 W overlaps the published ETP model domain. The model excludes small coastal/artisanal fisheries and is a partial oceanic proxy, not a whole-EEZ model."", ""geometry_bbox"": null, ""geometry_note"": ""Published broad study bounds; no EEZ-specific author polygon.""}]"
EEZ_943,Kiribati (Phoenix Islands),"[""\""Phoenix Islands\"" Ecopath"", ""\""Kiribati\"" \""Ecopath\""""]",2026-09-04,no_defensible_model_found,"Targeted geographic Ecopath/EwE search returned no verified local marine mass-balance model. This is a search outcome, not evidence that no unpublished model exists. No unsupported full-EEZ assignment or island-surrounding rectangle added.",[],[]
EEZ_963,Spain (Northwest),"[""Galicia Cantabrian Ecopath model Spain"", ""\""Modelling ecosystem dynamics to assess the effect of coastal fisheries\""""]",2026-09-04,partial_model_found,Two geographically specific NW Spain models identified: Cantabrian/Galician shelf and Rias Baixas. Neither establishes whole offshore EEZ coverage.,"[""https://www.vliz.be/imisdocs/publications/55193.pdf"", ""https://thebdri.com/downloads/GiraltParadell_2021.pdf""]","[{""article_id"": ""CANTAB-2004"", ""coverage_class"": ""subregional"", ""coverage_note"": ""ICES VIIIc shelf including northern Galicia north of Cape Finisterre; coastal/shelf subset of Spain Northwest."", ""geometry_bbox"": null, ""geometry_note"": ""Published study location identified, but no defensible numeric model-domain bounding box was extracted; exact author boundary remains unresolved.""}, {""article_id"": ""RIAS-2021"", ""coverage_class"": ""subregional"", ""coverage_note"": ""933.13 km2 west of Ria de Arousa entrance, extending to 300 m bathymetry; explicitly a local NW Spain shelf model."", ""geometry_bbox"": null, ""geometry_note"": ""Published study location identified, but no defensible numeric model-domain bounding box was extracted; exact author boundary remains unresolved.""}]"
EEZ_969,Fernando de Noronha (Brazil),"[""\""Fernando de Noronha\"" Ecopath"", ""\""Fernando de Noronha\"" \""trophic model\""""]",2026-09-04,no_defensible_model_found,No local Ecopath verified. Isotope/food-web and fisheries observations are not an Ecopath model; mainland northeastern Brazil shelf model cannot be assumed to represent this oceanic island EEZ.,"[""https://www.frontiersin.org/journals/marine-science/articles/10.3389/fmars.2023.1203900/full""]",[]
EEZ_970,St Paul and St. Peter Archipelago (Brazil),"[""\""Saint Peter\"" \""Saint Paul\"" Ecopath"", ""\""São Pedro e São Paulo\"" Ecopath""]",2026-09-04,no_defensible_model_found,"Integrated ecosystem assessment includes this archipelago but uses ODEMM, not EwE. Portuguese and English searches did not verify a local mass-balance model.","[""https://www.frontiersin.org/journals/marine-science/articles/10.3389/fmars.2023.1001676/full""]",[]
EEZ_971,Japan (Ogasawara Islands),"[""\""Ogasawara\"" Ecopath"", ""\""Bonin\"" Ecopath model marine""]",2026-09-04,no_defensible_model_found,Ogasawara/Bonin searches returned terrestrial island simulations and mainland eastern Japan marine Ecopath papers. Neither establishes coverage of this separate oceanic EEZ.,"[""https://www.sciencedirect.com/science/article/abs/pii/S0304380020301599"", ""https://tokyo-metro-u.repo.nii.ac.jp/record/2000620/files/20001-050-001.pdf""]",[]
