model_id,fraction,donor_group_id,offal_group_id,donor_to_offal,offal_to_pelagic,offal_to_benthic
13_2_Northern_Humboldt_Current_(1995-1998),0.01,9,37,0.0582596898325,0.0058259689832500005,0.05243372084925001
13_2_Northern_Humboldt_Current_(1995-1998),0.01,10,37,0.231699877955,0.023169987795500002,0.2085298901595
13_2_Northern_Humboldt_Current_(1995-1998),0.01,12,37,0.0010546329965,0.00010546329964999999,0.0009491696968499999
13_2_Northern_Humboldt_Current_(1995-1998),0.01,13,37,0.000354708445375,3.5470844537499996e-05,0.00031923760083749997
13_2_Northern_Humboldt_Current_(1995-1998),0.01,14,37,0.01689793515,0.0016897935150000003,0.015208141635000002
13_2_Northern_Humboldt_Current_(1995-1998),0.01,15,37,0.017465229457,0.0017465229457,0.0157187065113
13_2_Northern_Humboldt_Current_(1995-1998),0.01,16,37,0.0074265417460000005,0.0007426541746000001,0.006683887571400001
13_2_Northern_Humboldt_Current_(1995-1998),0.01,17,37,0.003338190135,0.0003338190135,0.0030043711214999998
13_2_Northern_Humboldt_Current_(1995-1998),0.01,18,37,0.011659147664,0.0011659147664000002,0.010493232897600001
13_2_Northern_Humboldt_Current_(1995-1998),0.01,19,37,0.00048676,4.8676e-05,0.000438084
13_2_Northern_Humboldt_Current_(1995-1998),0.01,20,37,0.00046334762879999994,4.6334762879999996e-05,0.00041701286591999995
13_2_Northern_Humboldt_Current_(1995-1998),0.01,21,37,4.058227155e-05,4.058227155e-06,3.6524044395e-05
13_2_Northern_Humboldt_Current_(1995-1998),0.01,22,37,0.00019339230299999998,1.93392303e-05,0.0001740530727
13_2_Northern_Humboldt_Current_(1995-1998),0.01,23,37,0.00040511636700000007,4.051163670000001e-05,0.0003646047303000001
13_2_Northern_Humboldt_Current_(1995-1998),0.01,26,37,0.001495674495,0.00014956744950000002,0.0013461070455
13_2_Northern_Humboldt_Current_(1995-1998),0.01,27,37,0.0006129891195,6.129891195000001e-05,0.00055169020755
13_2_Northern_Humboldt_Current_(1995-1998),0.01,29,37,0.0033977100000000004,0.00033977100000000005,0.0030579390000000004
13_2_Northern_Humboldt_Current_(1995-1998),0.01,30,37,0.0001439636145,1.439636145e-05,0.00012956725305
13_2_Northern_Humboldt_Current_(1995-1998),0.05,9,37,0.29129844916250003,0.029129844916250005,0.26216860424625005
13_2_Northern_Humboldt_Current_(1995-1998),0.05,10,37,1.158499389775,0.11584993897750001,1.0426494507975
13_2_Northern_Humboldt_Current_(1995-1998),0.05,12,37,0.0052731649825,0.0005273164982500001,0.00474584848425
13_2_Northern_Humboldt_Current_(1995-1998),0.05,13,37,0.001773542226875,0.00017735422268750001,0.0015961880041875
13_2_Northern_Humboldt_Current_(1995-1998),0.05,14,37,0.08448967575,0.008448967575,0.07604070817500001
13_2_Northern_Humboldt_Current_(1995-1998),0.05,15,37,0.087326147285,0.008732614728500001,0.0785935325565
13_2_Northern_Humboldt_Current_(1995-1998),0.05,16,37,0.037132708730000005,0.0037132708730000007,0.03341943785700001
13_2_Northern_Humboldt_Current_(1995-1998),0.05,17,37,0.016690950675,0.0016690950675000002,0.0150218556075
13_2_Northern_Humboldt_Current_(1995-1998),0.05,18,37,0.058295738320000005,0.005829573832000001,0.052466164488000004
13_2_Northern_Humboldt_Current_(1995-1998),0.05,19,37,0.0024338,0.00024338,0.0021904199999999998
13_2_Northern_Humboldt_Current_(1995-1998),0.05,20,37,0.0023167381439999995,0.00023167381439999997,0.0020850643295999994
13_2_Northern_Humboldt_Current_(1995-1998),0.05,21,37,0.00020291135775000002,2.0291135775000004e-05,0.00018262022197500002
13_2_Northern_Humboldt_Current_(1995-1998),0.05,22,37,0.0009669615149999998,9.669615149999999e-05,0.0008702653634999998
13_2_Northern_Humboldt_Current_(1995-1998),0.05,23,37,0.0020255818350000004,0.00020255818350000006,0.0018230236515000004
13_2_Northern_Humboldt_Current_(1995-1998),0.05,26,37,0.007478372475000001,0.0007478372475000001,0.006730535227500001
13_2_Northern_Humboldt_Current_(1995-1998),0.05,27,37,0.0030649455975000003,0.0003064945597500001,0.0027584510377500005
13_2_Northern_Humboldt_Current_(1995-1998),0.05,29,37,0.01698855,0.0016988550000000002,0.015289695000000002
13_2_Northern_Humboldt_Current_(1995-1998),0.05,30,37,0.0007198180725,7.198180725e-05,0.0006478362652500001
13_2_Northern_Humboldt_Current_(1995-1998),0.1,9,37,0.5825968983250001,0.05825968983250001,0.5243372084925001
13_2_Northern_Humboldt_Current_(1995-1998),0.1,10,37,2.31699877955,0.23169987795500002,2.085298901595
13_2_Northern_Humboldt_Current_(1995-1998),0.1,12,37,0.010546329965,0.0010546329965000001,0.0094916969685
13_2_Northern_Humboldt_Current_(1995-1998),0.1,13,37,0.00354708445375,0.00035470844537500003,0.003192376008375
13_2_Northern_Humboldt_Current_(1995-1998),0.1,14,37,0.1689793515,0.01689793515,0.15208141635000003
13_2_Northern_Humboldt_Current_(1995-1998),0.1,15,37,0.17465229457,0.017465229457000003,0.157187065113
13_2_Northern_Humboldt_Current_(1995-1998),0.1,16,37,0.07426541746000001,0.007426541746000001,0.06683887571400002
13_2_Northern_Humboldt_Current_(1995-1998),0.1,17,37,0.03338190135,0.0033381901350000003,0.030043711215
13_2_Northern_Humboldt_Current_(1995-1998),0.1,18,37,0.11659147664000001,0.011659147664000002,0.10493232897600001
13_2_Northern_Humboldt_Current_(1995-1998),0.1,19,37,0.0048676,0.00048676,0.0043808399999999996
13_2_Northern_Humboldt_Current_(1995-1998),0.1,20,37,0.004633476287999999,0.00046334762879999994,0.004170128659199999
13_2_Northern_Humboldt_Current_(1995-1998),0.1,21,37,0.00040582271550000003,4.058227155000001e-05,0.00036524044395000005
13_2_Northern_Humboldt_Current_(1995-1998),0.1,22,37,0.0019339230299999996,0.00019339230299999998,0.0017405307269999996
13_2_Northern_Humboldt_Current_(1995-1998),0.1,23,37,0.004051163670000001,0.0004051163670000001,0.003646047303000001
13_2_Northern_Humboldt_Current_(1995-1998),0.1,26,37,0.014956744950000002,0.0014956744950000002,0.013461070455000002
13_2_Northern_Humboldt_Current_(1995-1998),0.1,27,37,0.006129891195000001,0.0006129891195000002,0.005516902075500001
13_2_Northern_Humboldt_Current_(1995-1998),0.1,29,37,0.0339771,0.0033977100000000004,0.030579390000000005
13_2_Northern_Humboldt_Current_(1995-1998),0.1,30,37,0.001439636145,0.0001439636145,0.0012956725305000001
13_2_Northern_Humboldt_Current_(1995-1998),0.2,9,37,1.1651937966500001,0.11651937966500002,1.0486744169850002
13_2_Northern_Humboldt_Current_(1995-1998),0.2,10,37,4.6339975591,0.46339975591000004,4.17059780319
13_2_Northern_Humboldt_Current_(1995-1998),0.2,12,37,0.02109265993,0.0021092659930000003,0.018983393937
13_2_Northern_Humboldt_Current_(1995-1998),0.2,13,37,0.0070941689075,0.0007094168907500001,0.00638475201675
13_2_Northern_Humboldt_Current_(1995-1998),0.2,14,37,0.337958703,0.0337958703,0.30416283270000005
13_2_Northern_Humboldt_Current_(1995-1998),0.2,15,37,0.34930458914,0.034930458914000005,0.314374130226
13_2_Northern_Humboldt_Current_(1995-1998),0.2,16,37,0.14853083492000002,0.014853083492000003,0.13367775142800004
13_2_Northern_Humboldt_Current_(1995-1998),0.2,17,37,0.0667638027,0.006676380270000001,0.06008742243
13_2_Northern_Humboldt_Current_(1995-1998),0.2,18,37,0.23318295328000002,0.023318295328000005,0.20986465795200002
13_2_Northern_Humboldt_Current_(1995-1998),0.2,19,37,0.0097352,0.00097352,0.008761679999999999
13_2_Northern_Humboldt_Current_(1995-1998),0.2,20,37,0.009266952575999998,0.0009266952575999999,0.008340257318399998
13_2_Northern_Humboldt_Current_(1995-1998),0.2,21,37,0.0008116454310000001,8.116454310000001e-05,0.0007304808879000001
13_2_Northern_Humboldt_Current_(1995-1998),0.2,22,37,0.003867846059999999,0.00038678460599999995,0.003481061453999999
13_2_Northern_Humboldt_Current_(1995-1998),0.2,23,37,0.008102327340000002,0.0008102327340000002,0.007292094606000002
13_2_Northern_Humboldt_Current_(1995-1998),0.2,26,37,0.029913489900000003,0.0029913489900000004,0.026922140910000003
13_2_Northern_Humboldt_Current_(1995-1998),0.2,27,37,0.012259782390000001,0.0012259782390000003,0.011033804151000002
13_2_Northern_Humboldt_Current_(1995-1998),0.2,29,37,0.0679542,0.006795420000000001,0.06115878000000001
13_2_Northern_Humboldt_Current_(1995-1998),0.2,30,37,0.00287927229,0.000287927229,0.0025913450610000003
13_2_Northern_Humboldt_Current_(1995-1998),0.3,9,37,1.747790694975,0.1747790694975,1.5730116254775
13_2_Northern_Humboldt_Current_(1995-1998),0.3,10,37,6.9509963386499996,0.695099633865,6.255896704785
13_2_Northern_Humboldt_Current_(1995-1998),0.3,12,37,0.031638989895,0.0031638989895,0.0284750909055
13_2_Northern_Humboldt_Current_(1995-1998),0.3,13,37,0.010641253361249998,0.001064125336125,0.009577128025124998
13_2_Northern_Humboldt_Current_(1995-1998),0.3,14,37,0.5069380545,0.05069380545,0.45624424905
13_2_Northern_Humboldt_Current_(1995-1998),0.3,15,37,0.5239568837099999,0.052395688371,0.47156119533899993
13_2_Northern_Humboldt_Current_(1995-1998),0.3,16,37,0.22279625238,0.022279625238000002,0.200516627142
13_2_Northern_Humboldt_Current_(1995-1998),0.3,17,37,0.10014570404999999,0.010014570405,0.090131133645
13_2_Northern_Humboldt_Current_(1995-1998),0.3,18,37,0.34977442992,0.034977442992,0.314796986928
13_2_Northern_Humboldt_Current_(1995-1998),0.3,19,37,0.014602799999999999,0.00146028,0.01314252
13_2_Northern_Humboldt_Current_(1995-1998),0.3,20,37,0.013900428863999998,0.0013900428863999998,0.012510385977599998
13_2_Northern_Humboldt_Current_(1995-1998),0.3,21,37,0.0012174681465,0.00012174681465000002,0.00109572133185
13_2_Northern_Humboldt_Current_(1995-1998),0.3,22,37,0.005801769089999999,0.0005801769089999999,0.0052215921809999994
13_2_Northern_Humboldt_Current_(1995-1998),0.3,23,37,0.012153491010000001,0.0012153491010000001,0.010938141909000002
13_2_Northern_Humboldt_Current_(1995-1998),0.3,26,37,0.04487023485,0.004487023485000001,0.040383211365000005
13_2_Northern_Humboldt_Current_(1995-1998),0.3,27,37,0.018389673585000002,0.0018389673585000002,0.0165507062265
13_2_Northern_Humboldt_Current_(1995-1998),0.3,29,37,0.10193130000000002,0.010193130000000002,0.09173817000000002
13_2_Northern_Humboldt_Current_(1995-1998),0.3,30,37,0.004318908435,0.00043189084350000003,0.0038870175915000004
13_2_Northern_Humboldt_Current_(1995-1998),0.4,9,37,2.3303875933000002,0.23303875933000004,2.0973488339700004
13_2_Northern_Humboldt_Current_(1995-1998),0.4,10,37,9.2679951182,0.9267995118200001,8.34119560638
13_2_Northern_Humboldt_Current_(1995-1998),0.4,12,37,0.04218531986,0.004218531986000001,0.037966787874
13_2_Northern_Humboldt_Current_(1995-1998),0.4,13,37,0.014188337815,0.0014188337815000001,0.0127695040335
13_2_Northern_Humboldt_Current_(1995-1998),0.4,14,37,0.675917406,0.0675917406,0.6083256654000001
13_2_Northern_Humboldt_Current_(1995-1998),0.4,15,37,0.69860917828,0.06986091782800001,0.628748260452
13_2_Northern_Humboldt_Current_(1995-1998),0.4,16,37,0.29706166984000004,0.029706166984000006,0.26735550285600007
13_2_Northern_Humboldt_Current_(1995-1998),0.4,17,37,0.1335276054,0.013352760540000001,0.12017484486
13_2_Northern_Humboldt_Current_(1995-1998),0.4,18,37,0.46636590656000004,0.04663659065600001,0.41972931590400003
13_2_Northern_Humboldt_Current_(1995-1998),0.4,19,37,0.0194704,0.00194704,0.017523359999999998
13_2_Northern_Humboldt_Current_(1995-1998),0.4,20,37,0.018533905151999996,0.0018533905151999997,0.016680514636799995
13_2_Northern_Humboldt_Current_(1995-1998),0.4,21,37,0.0016232908620000001,0.00016232908620000003,0.0014609617758000002
13_2_Northern_Humboldt_Current_(1995-1998),0.4,22,37,0.007735692119999998,0.0007735692119999999,0.006962122907999998
13_2_Northern_Humboldt_Current_(1995-1998),0.4,23,37,0.016204654680000003,0.0016204654680000005,0.014584189212000003
13_2_Northern_Humboldt_Current_(1995-1998),0.4,26,37,0.059826979800000006,0.005982697980000001,0.053844281820000006
13_2_Northern_Humboldt_Current_(1995-1998),0.4,27,37,0.024519564780000003,0.0024519564780000006,0.022067608302000004
13_2_Northern_Humboldt_Current_(1995-1998),0.4,29,37,0.1359084,0.013590840000000002,0.12231756000000002
13_2_Northern_Humboldt_Current_(1995-1998),0.4,30,37,0.00575854458,0.000575854458,0.005182690122000001
13_2_Northern_Humboldt_Current_(1995-1998),0.5,9,37,2.912984491625,0.29129844916250003,2.6216860424625
13_2_Northern_Humboldt_Current_(1995-1998),0.5,10,37,11.58499389775,1.158499389775,10.426494507975
13_2_Northern_Humboldt_Current_(1995-1998),0.5,12,37,0.052731649825,0.0052731649825,0.047458484842499996
13_2_Northern_Humboldt_Current_(1995-1998),0.5,13,37,0.01773542226875,0.001773542226875,0.015961880041874998
13_2_Northern_Humboldt_Current_(1995-1998),0.5,14,37,0.8448967575,0.08448967575,0.76040708175
13_2_Northern_Humboldt_Current_(1995-1998),0.5,15,37,0.87326147285,0.087326147285,0.785935325565
13_2_Northern_Humboldt_Current_(1995-1998),0.5,16,37,0.3713270873,0.037132708730000005,0.33419437857
13_2_Northern_Humboldt_Current_(1995-1998),0.5,17,37,0.16690950675,0.016690950675,0.150218556075
13_2_Northern_Humboldt_Current_(1995-1998),0.5,18,37,0.5829573832,0.058295738320000005,0.52466164488
13_2_Northern_Humboldt_Current_(1995-1998),0.5,19,37,0.024338,0.0024338,0.0219042
13_2_Northern_Humboldt_Current_(1995-1998),0.5,20,37,0.023167381439999996,0.0023167381439999995,0.020850643295999997
13_2_Northern_Humboldt_Current_(1995-1998),0.5,21,37,0.0020291135775,0.00020291135775000002,0.00182620221975
13_2_Northern_Humboldt_Current_(1995-1998),0.5,22,37,0.009669615149999998,0.0009669615149999998,0.008702653634999998
13_2_Northern_Humboldt_Current_(1995-1998),0.5,23,37,0.020255818350000003,0.0020255818350000004,0.018230236515000005
13_2_Northern_Humboldt_Current_(1995-1998),0.5,26,37,0.07478372475,0.007478372475000001,0.06730535227500001
13_2_Northern_Humboldt_Current_(1995-1998),0.5,27,37,0.030649455975000003,0.0030649455975000003,0.027584510377500003
13_2_Northern_Humboldt_Current_(1995-1998),0.5,29,37,0.16988550000000002,0.01698855,0.15289695000000003
13_2_Northern_Humboldt_Current_(1995-1998),0.5,30,37,0.007198180725,0.0007198180725,0.006478362652500001
13_2_Northern_Humboldt_Current_(1995-1998),0.75,9,37,4.3694767374375,0.43694767374375004,3.93252906369375
13_2_Northern_Humboldt_Current_(1995-1998),0.75,10,37,17.377490846625,1.7377490846625,15.639741761962501
13_2_Northern_Humboldt_Current_(1995-1998),0.75,12,37,0.07909747473749999,0.00790974747375,0.07118772726375
13_2_Northern_Humboldt_Current_(1995-1998),0.75,13,37,0.026603133403125,0.0026603133403125,0.023942820062812502
13_2_Northern_Humboldt_Current_(1995-1998),0.75,14,37,1.2673451362500001,0.12673451362500002,1.1406106226250001
13_2_Northern_Humboldt_Current_(1995-1998),0.75,15,37,1.309892209275,0.1309892209275,1.1789029883475002
13_2_Northern_Humboldt_Current_(1995-1998),0.75,16,37,0.55699063095,0.055699063095,0.5012915678550001
13_2_Northern_Humboldt_Current_(1995-1998),0.75,17,37,0.250364260125,0.0250364260125,0.22532783411250001
13_2_Northern_Humboldt_Current_(1995-1998),0.75,18,37,0.8744360748,0.08744360748,0.7869924673199999
13_2_Northern_Humboldt_Current_(1995-1998),0.75,19,37,0.036507,0.0036506999999999998,0.0328563
13_2_Northern_Humboldt_Current_(1995-1998),0.75,20,37,0.03475107215999999,0.0034751072159999994,0.03127596494399999
13_2_Northern_Humboldt_Current_(1995-1998),0.75,21,37,0.00304367036625,0.000304367036625,0.0027393033296250003
13_2_Northern_Humboldt_Current_(1995-1998),0.75,22,37,0.014504422724999997,0.0014504422724999997,0.013053980452499997
13_2_Northern_Humboldt_Current_(1995-1998),0.75,23,37,0.030383727525000005,0.003038372752500001,0.027345354772500004
13_2_Northern_Humboldt_Current_(1995-1998),0.75,26,37,0.112175587125,0.0112175587125,0.10095802841250001
13_2_Northern_Humboldt_Current_(1995-1998),0.75,27,37,0.045974183962500005,0.0045974183962500005,0.04137676556625001
13_2_Northern_Humboldt_Current_(1995-1998),0.75,29,37,0.25482825000000003,0.025482825000000004,0.22934542500000005
13_2_Northern_Humboldt_Current_(1995-1998),0.75,30,37,0.010797271087500001,0.00107972710875,0.009717543978750002
13_2_Northern_Humboldt_Current_(1995-1998),1.0,9,37,5.82596898325,0.5825968983250001,5.243372084925
13_2_Northern_Humboldt_Current_(1995-1998),1.0,10,37,23.1699877955,2.31699877955,20.85298901595
13_2_Northern_Humboldt_Current_(1995-1998),1.0,12,37,0.10546329965,0.010546329965,0.09491696968499999
13_2_Northern_Humboldt_Current_(1995-1998),1.0,13,37,0.0354708445375,0.00354708445375,0.031923760083749995
13_2_Northern_Humboldt_Current_(1995-1998),1.0,14,37,1.689793515,0.1689793515,1.5208141635
13_2_Northern_Humboldt_Current_(1995-1998),1.0,15,37,1.7465229457,0.17465229457,1.57187065113
13_2_Northern_Humboldt_Current_(1995-1998),1.0,16,37,0.7426541746,0.07426541746000001,0.66838875714
13_2_Northern_Humboldt_Current_(1995-1998),1.0,17,37,0.3338190135,0.03338190135,0.30043711215
13_2_Northern_Humboldt_Current_(1995-1998),1.0,18,37,1.1659147664,0.11659147664000001,1.04932328976
13_2_Northern_Humboldt_Current_(1995-1998),1.0,19,37,0.048676,0.0048676,0.0438084
13_2_Northern_Humboldt_Current_(1995-1998),1.0,20,37,0.04633476287999999,0.004633476287999999,0.041701286591999995
13_2_Northern_Humboldt_Current_(1995-1998),1.0,21,37,0.004058227155,0.00040582271550000003,0.0036524044395
13_2_Northern_Humboldt_Current_(1995-1998),1.0,22,37,0.019339230299999996,0.0019339230299999996,0.017405307269999996
13_2_Northern_Humboldt_Current_(1995-1998),1.0,23,37,0.040511636700000006,0.004051163670000001,0.03646047303000001
13_2_Northern_Humboldt_Current_(1995-1998),1.0,26,37,0.1495674495,0.014956744950000002,0.13461070455000002
13_2_Northern_Humboldt_Current_(1995-1998),1.0,27,37,0.06129891195000001,0.006129891195000001,0.055169020755000006
13_2_Northern_Humboldt_Current_(1995-1998),1.0,29,37,0.33977100000000005,0.0339771,0.30579390000000006
13_2_Northern_Humboldt_Current_(1995-1998),1.0,30,37,0.01439636145,0.001439636145,0.012956725305000001
