unit_id,region_name,region_type,first_year,last_year,year_count,source_data_status
EEZ_008,Albania,EEZ,1950.0,2019.0,70,available
EEZ_012,Algeria,EEZ,1950.0,2019.0,70,available
EEZ_016,American Samoa,EEZ,1950.0,2019.0,70,available
EEZ_024,Angola,EEZ,1950.0,2019.0,70,available
EEZ_028,Antigua & Barbuda,EEZ,1950.0,2019.0,70,available
EEZ_032,Argentina,EEZ,1950.0,2019.0,70,available
EEZ_036,Australia,EEZ,1950.0,2019.0,70,available
EEZ_037,Macquarie Isl. (Australia),EEZ,1952.0,2019.0,47,available
EEZ_038,Lord Howe Isl. (Australia),EEZ,1950.0,2019.0,70,available
EEZ_044,Bahamas,EEZ,1950.0,2019.0,70,available
EEZ_048,Bahrain,EEZ,1950.0,2019.0,70,available
EEZ_050,Bangladesh,EEZ,1950.0,2019.0,70,available
EEZ_052,Barbados,EEZ,1950.0,2019.0,70,available
EEZ_056,Belgium,EEZ,1950.0,2019.0,70,available
EEZ_060,Bermuda (UK),EEZ,1950.0,2019.0,70,available
EEZ_070,Bosnia & Herzegovina,EEZ,1950.0,2019.0,70,available
EEZ_074,Bouvet Isl. (Norway),EEZ,2004.0,2019.0,16,available
EEZ_076,Brazil (mainland),EEZ,1950.0,2019.0,70,available
EEZ_077,Trindade & Martim Vaz Isl. (Brazil),EEZ,1951.0,2019.0,64,available
EEZ_084,Belize,EEZ,1950.0,2019.0,70,available
EEZ_086,Chagos Archipelago (UK),EEZ,1950.0,2019.0,70,available
EEZ_090,Solomon Isl.,EEZ,1950.0,2019.0,70,available
EEZ_092,British Virgin Isl. (UK),EEZ,1950.0,2019.0,70,available
EEZ_096,Brunei Darussalam,EEZ,1950.0,2019.0,70,available
EEZ_100,Bulgaria,EEZ,1950.0,2019.0,70,available
EEZ_104,Myanmar,EEZ,1950.0,2019.0,70,available
EEZ_111,Eritrea,EEZ,1950.0,2019.0,70,available
EEZ_116,Cambodia,EEZ,1950.0,2019.0,70,available
EEZ_120,Cameroon,EEZ,1950.0,2019.0,70,available
EEZ_132,Cape Verde,EEZ,1950.0,2019.0,70,available
EEZ_136,Cayman Isl. (UK),EEZ,1950.0,2019.0,70,available
EEZ_144,Sri Lanka,EEZ,1950.0,2019.0,70,available
EEZ_152,Chile (mainland),EEZ,1950.0,2019.0,70,available
EEZ_153,Easter Isl. (Chile),EEZ,1950.0,2019.0,70,available
EEZ_154,Desventuradas Isl. (Chile),EEZ,1950.0,2019.0,70,available
EEZ_155,Juan Fernandez Islands (Chile),EEZ,1950.0,2019.0,70,available
EEZ_156,China,EEZ,1950.0,2019.0,70,available
EEZ_157,Taiwan,EEZ,1950.0,2019.0,70,available
EEZ_162,Christmas Isl. (Australia),EEZ,1950.0,2019.0,70,available
EEZ_166,Cocos (Keeling) Isl. (Australia),EEZ,1950.0,2019.0,70,available
EEZ_174,Comoros Isl.,EEZ,1950.0,2019.0,70,available
EEZ_175,Mayotte (France),EEZ,1950.0,2019.0,70,available
EEZ_178,"Congo, R. of",EEZ,1950.0,2019.0,70,available
EEZ_180,Congo (ex-Zaire),EEZ,1950.0,2019.0,70,available
EEZ_184,Cook Islands,EEZ,1950.0,2019.0,70,available
EEZ_191,Croatia,EEZ,1950.0,2019.0,70,available
EEZ_192,Cuba,EEZ,1950.0,2019.0,70,available
EEZ_197,Cyprus (North),EEZ,1950.0,2019.0,70,available
EEZ_198,Cyprus (South),EEZ,1950.0,2019.0,70,available
EEZ_204,Benin,EEZ,1950.0,2019.0,70,available
EEZ_212,Dominica,EEZ,1950.0,2019.0,70,available
EEZ_214,Dominican Republic,EEZ,1950.0,2019.0,70,available
EEZ_218,Ecuador (mainland),EEZ,1950.0,2019.0,70,available
EEZ_219,Galapagos Isl. (Ecuador),EEZ,1950.0,2019.0,70,available
EEZ_222,El Salvador,EEZ,1950.0,2019.0,70,available
EEZ_226,Equatorial Guinea,EEZ,1950.0,2019.0,70,available
EEZ_233,Estonia,EEZ,1950.0,2019.0,70,available
EEZ_234,Faeroe Isl. (Denmark),EEZ,1950.0,2019.0,70,available
EEZ_238,Falkland Isl. (UK),EEZ,1950.0,2019.0,70,available
EEZ_239,South Georgia & Sandwich Isl. (UK),EEZ,1950.0,2019.0,70,available
EEZ_242,Fiji,EEZ,1950.0,2019.0,70,available
EEZ_246,Finland,EEZ,1950.0,2019.0,70,available
EEZ_251,Mozambique Channel Isl. (France),EEZ,1950.0,2019.0,70,available
EEZ_252,Tromelin Isl. (France),EEZ,1950.0,2019.0,63,available
EEZ_254,French Guiana,EEZ,1950.0,2019.0,70,available
EEZ_258,French Polynesia,EEZ,1950.0,2019.0,70,available
EEZ_262,Djibouti,EEZ,1950.0,2019.0,70,available
EEZ_266,Gabon,EEZ,1950.0,2019.0,70,available
EEZ_268,Georgia,EEZ,1950.0,2019.0,70,available
EEZ_270,Gambia,EEZ,1950.0,2019.0,70,available
EEZ_274,Gaza Strip,EEZ,1950.0,2019.0,70,available
EEZ_277,Germany (North Sea),EEZ,1950.0,2019.0,70,available
EEZ_278,Germany (Baltic Sea),EEZ,1950.0,2019.0,70,available
EEZ_288,Ghana,EEZ,1950.0,2019.0,70,available
EEZ_300,Greece (without Crete),EEZ,1950.0,2019.0,70,available
EEZ_304,Greenland (Denmark),EEZ,1950.0,2019.0,70,available
EEZ_308,Grenada,EEZ,1950.0,2019.0,70,available
EEZ_312,Guadeloupe  (France),EEZ,1950.0,2019.0,70,available
EEZ_316,Guam (USA),EEZ,1950.0,2019.0,70,available
EEZ_324,Guinea,EEZ,1950.0,2019.0,70,available
EEZ_328,Guyana,EEZ,1950.0,2019.0,70,available
EEZ_332,Haiti,EEZ,1950.0,2019.0,70,available
EEZ_334,Heard & McDonald Isl. (Australia),EEZ,1952.0,2019.0,40,available
EEZ_344,Hong Kong (China),EEZ,1950.0,2019.0,70,available
EEZ_352,Iceland,EEZ,1950.0,2019.0,70,available
EEZ_356,India (mainland),EEZ,1950.0,2019.0,70,available
EEZ_357,Andaman & Nicobar Isl. (India),EEZ,1950.0,2019.0,70,available
EEZ_361,Indonesia (Eastern),EEZ,1950.0,2019.0,70,available
EEZ_368,Iraq,EEZ,1950.0,2019.0,70,available
EEZ_372,Ireland,EEZ,1950.0,2019.0,70,available
EEZ_380,Italy (mainland),EEZ,1950.0,2019.0,70,available
EEZ_384,Côte d'Ivoire,EEZ,1950.0,2019.0,70,available
EEZ_388,Jamaica,EEZ,1950.0,2019.0,70,available
EEZ_390,Japan (main islands),EEZ,1950.0,2019.0,70,available
EEZ_393,Japan (Daito Islands),EEZ,1950.0,2019.0,70,available
EEZ_396,Johnston Atoll (USA),EEZ,1950.0,2019.0,68,available
EEZ_400,Jordan,EEZ,1950.0,2019.0,70,available
EEZ_404,Kenya,EEZ,1950.0,2019.0,70,available
EEZ_410,Korea (South),EEZ,1950.0,2019.0,70,available
EEZ_414,Kuwait,EEZ,1950.0,2019.0,70,available
EEZ_422,Lebanon,EEZ,1950.0,2019.0,70,available
EEZ_428,Latvia,EEZ,1950.0,2019.0,70,available
EEZ_430,Liberia,EEZ,1950.0,2019.0,70,available
EEZ_434,Libya,EEZ,1950.0,2019.0,70,available
EEZ_440,Lithuania,EEZ,1950.0,2019.0,70,available
EEZ_450,Madagascar,EEZ,1950.0,2019.0,70,available
EEZ_459,Malaysia (Peninsula West),EEZ,1950.0,2019.0,70,available
EEZ_460,Malaysia (Peninsula East),EEZ,1950.0,2019.0,70,available
EEZ_461,Malaysia (Sabah),EEZ,1950.0,2019.0,70,available
EEZ_462,Maldives,EEZ,1950.0,2019.0,70,available
EEZ_463,Malaysia (Sarawak),EEZ,1950.0,2019.0,70,available
EEZ_470,Malta,EEZ,1950.0,2019.0,70,available
EEZ_474,Martinique (France),EEZ,1950.0,2019.0,70,available
EEZ_478,Mauritania,EEZ,1950.0,2019.0,70,available
EEZ_480,Mauritius,EEZ,1950.0,2019.0,70,available
EEZ_488,Hawaii Northwest Islands (USA),EEZ,1950.0,2019.0,70,available
EEZ_500,Montserrat (UK),EEZ,1950.0,2019.0,70,available
EEZ_508,Mozambique,EEZ,1950.0,2019.0,70,available
EEZ_512,Oman,EEZ,1950.0,2019.0,70,available
EEZ_516,Namibia,EEZ,1950.0,2019.0,70,available
EEZ_520,Nauru,EEZ,1950.0,2019.0,70,available
EEZ_528,Netherlands,EEZ,1950.0,2019.0,70,available
EEZ_540,New Caledonia (France),EEZ,1950.0,2019.0,70,available
EEZ_548,Vanuatu,EEZ,1950.0,2019.0,70,available
EEZ_554,New Zealand,EEZ,1950.0,2019.0,70,available
EEZ_555,Kermadec Isl. (New Zealand),EEZ,1950.0,2019.0,70,available
EEZ_566,Nigeria,EEZ,1950.0,2019.0,70,available
EEZ_570,Niue (New Zealand),EEZ,1950.0,2019.0,70,available
EEZ_574,Norfolk Isl. (Australia),EEZ,1950.0,2019.0,70,available
EEZ_578,Norway,EEZ,1950.0,2019.0,70,available
EEZ_579,Jan Mayen Isl. (Norway),EEZ,1950.0,2019.0,70,available
EEZ_580,Northern Marianas (USA),EEZ,1950.0,2019.0,70,available
EEZ_583,Micronesia (Federated States of),EEZ,1950.0,2019.0,70,available
EEZ_584,Marshall Isl.,EEZ,1950.0,2019.0,70,available
EEZ_585,Palau,EEZ,1950.0,2019.0,70,available
EEZ_586,Pakistan,EEZ,1950.0,2019.0,70,available
EEZ_598,Papua New Guinea,EEZ,1950.0,2019.0,70,available
EEZ_604,Peru,EEZ,1950.0,2019.0,70,available
EEZ_608,Philippines,EEZ,1950.0,2019.0,70,available
EEZ_612,Pitcairn (UK),EEZ,1950.0,2019.0,70,available
EEZ_616,Poland,EEZ,1950.0,2019.0,70,available
EEZ_620,Portugal (mainland),EEZ,1950.0,2019.0,70,available
EEZ_621,Madeira Isl. (Portugal),EEZ,1950.0,2019.0,70,available
EEZ_622,Azores Isl. (Portugal),EEZ,1950.0,2019.0,70,available
EEZ_624,Guinea-Bissau,EEZ,1950.0,2019.0,70,available
EEZ_626,Timor Leste,EEZ,1950.0,2019.0,70,available
EEZ_630,Puerto Rico (USA),EEZ,1950.0,2019.0,70,available
EEZ_634,Qatar,EEZ,1950.0,2019.0,70,available
EEZ_638,Réunion (France),EEZ,1950.0,2019.0,70,available
EEZ_642,Romania,EEZ,1950.0,2019.0,70,available
EEZ_645,Russia (Barents Sea),EEZ,1950.0,2019.0,70,available
EEZ_647,Russia (Black Sea),EEZ,1950.0,2019.0,70,available
EEZ_648,Russia (Baltic Sea),EEZ,1950.0,2019.0,70,available
EEZ_649,Russia (Far East),EEZ,1950.0,2019.0,70,available
EEZ_654,Saint Helena (UK),EEZ,1950.0,2019.0,70,available
EEZ_659,Saint Kitts & Nevis,EEZ,1950.0,2019.0,70,available
EEZ_660,Anguilla (UK),EEZ,1950.0,2019.0,70,available
EEZ_662,Saint Lucia,EEZ,1950.0,2019.0,70,available
EEZ_666,Saint Pierre & Miquelon (France),EEZ,1950.0,2019.0,70,available
EEZ_670,Saint Vincent & the Grenadines,EEZ,1950.0,2019.0,70,available
EEZ_678,Sao Tome & Principe,EEZ,1950.0,2019.0,70,available
EEZ_683,Saudi Arabia (Red Sea),EEZ,1950.0,2019.0,70,available
EEZ_684,Saudi Arabia (Persian Gulf),EEZ,1950.0,2019.0,70,available
EEZ_686,Senegal,EEZ,1950.0,2019.0,70,available
EEZ_690,Seychelles,EEZ,1950.0,2019.0,70,available
EEZ_694,Sierra Leone,EEZ,1950.0,2019.0,70,available
EEZ_702,Singapore,EEZ,1950.0,2019.0,70,available
EEZ_704,Viet Nam,EEZ,1950.0,2019.0,70,available
EEZ_705,Slovenia,EEZ,1950.0,2019.0,70,available
EEZ_706,Somalia,EEZ,1950.0,2019.0,70,available
EEZ_711,Prince Edward Isl. (South Africa),EEZ,1950.0,2019.0,70,available
EEZ_723,Canary Isl. (Spain),EEZ,1950.0,2019.0,70,available
EEZ_736,Sudan,EEZ,1950.0,2019.0,70,available
EEZ_740,Suriname,EEZ,1950.0,2019.0,70,available
EEZ_744,Svalbard Isl. (Norway),EEZ,1950.0,2019.0,70,available
EEZ_760,Syria,EEZ,1950.0,2019.0,70,available
EEZ_768,Togo,EEZ,1950.0,2019.0,70,available
EEZ_772,Tokelau (New Zealand),EEZ,1950.0,2019.0,70,available
EEZ_776,Tonga,EEZ,1950.0,2019.0,70,available
EEZ_780,Trinidad & Tobago,EEZ,1950.0,2019.0,70,available
EEZ_784,United Arab Emirates,EEZ,1950.0,2019.0,70,available
EEZ_788,Tunisia,EEZ,1950.0,2019.0,70,available
EEZ_793,Turkey (Mediterranean Sea),EEZ,1950.0,2019.0,70,available
EEZ_794,Turkey (Black Sea),EEZ,1950.0,2019.0,70,available
EEZ_796,Turks & Caicos Isl. (UK),EEZ,1950.0,2019.0,70,available
EEZ_798,Tuvalu,EEZ,1950.0,2019.0,70,available
EEZ_804,Ukraine,EEZ,1950.0,2019.0,70,available
EEZ_826,United Kingdom (UK),EEZ,1950.0,2019.0,70,available
EEZ_830,Channel Isl. (UK),EEZ,1950.0,2019.0,70,available
EEZ_834,Tanzania,EEZ,1950.0,2019.0,70,available
EEZ_842,Hawaii Main Islands (USA),EEZ,1950.0,2019.0,70,available
EEZ_844,Palmyra Atoll & Kingman Reef (USA),EEZ,1950.0,2019.0,68,available
EEZ_845,Jarvis Isl. (USA),EEZ,1950.0,2019.0,67,available
EEZ_846,Howland & Baker Isl. (USA),EEZ,1950.0,2019.0,70,available
EEZ_848,USA (West Coast),EEZ,1950.0,2019.0,70,available
EEZ_850,US Virgin Isl.,EEZ,1950.0,2019.0,70,available
EEZ_851,USA (East Coast),EEZ,1950.0,2019.0,70,available
EEZ_852,USA (Gulf of Mexico),EEZ,1950.0,2019.0,70,available
EEZ_855,Ascension Isl. (UK),EEZ,1950.0,2019.0,70,available
EEZ_856,Tristan da Cunha Isl. (UK),EEZ,1950.0,2019.0,70,available
EEZ_858,Uruguay,EEZ,1950.0,2019.0,70,available
EEZ_862,Venezuela,EEZ,1950.0,2019.0,70,available
EEZ_872,Wake Isl. (USA),EEZ,1950.0,2019.0,70,available
EEZ_876,Wallis & Futuna Isl. (France),EEZ,1950.0,2019.0,70,available
EEZ_882,Samoa,EEZ,1950.0,2019.0,70,available
EEZ_891,Montenegro,EEZ,1950.0,2019.0,70,available
EEZ_895,St Paul & Amsterdam Isl. (France),EEZ,1950.0,2019.0,70,available
EEZ_896,Crozet Isl. (France),EEZ,1950.0,2019.0,58,available
EEZ_897,Kerguelen Isl. (France),EEZ,1952.0,2019.0,57,available
EEZ_898,Clipperton Isl. (France),EEZ,1950.0,2019.0,67,available
EEZ_899,Corsica (France),EEZ,1950.0,2019.0,70,available
EEZ_900,Crete (Greece),EEZ,1950.0,2019.0,70,available
EEZ_901,Sicily (Italy),EEZ,1950.0,2019.0,70,available
EEZ_902,Sardinia (Italy),EEZ,1950.0,2019.0,70,available
EEZ_903,Balearic Islands (Spain),EEZ,1950.0,2019.0,70,available
EEZ_904,St Barthelemy (France),EEZ,1950.0,2019.0,70,available
EEZ_905,St Martin (France),EEZ,1950.0,2019.0,70,available
EEZ_906,Curaçao (Netherlands),EEZ,1950.0,2019.0,70,available
EEZ_907,Bonaire (Netherlands),EEZ,1950.0,2019.0,70,available
EEZ_908,Saba and Sint Eustatius (Netherlands),EEZ,1950.0,2019.0,70,available
EEZ_909,Sint Maarten (Netherlands),EEZ,1950.0,2019.0,70,available
EEZ_910,South Orkney Islands (UK),EEZ,1950.0,2019.0,69,available
EEZ_911,Musandam (Oman),EEZ,1950.0,2019.0,70,available
EEZ_912,Russia (Kara Sea),EEZ,1950.0,2019.0,70,available
EEZ_913,Russia (Laptev to Chukchi Sea),EEZ,1950.0,2019.0,70,available
EEZ_914,Sweden (Baltic),EEZ,1950.0,2019.0,70,available
EEZ_915,Sweden (West Coast),EEZ,1950.0,2019.0,70,available
EEZ_916,Yemen (Red Sea),EEZ,1950.0,2019.0,70,available
EEZ_917,Yemen (Arabian Sea),EEZ,1950.0,2019.0,70,available
EEZ_918,France (Mediterranean),EEZ,1950.0,2019.0,70,available
EEZ_919,France (Atlantic Coast),EEZ,1950.0,2019.0,70,available
EEZ_920,Honduras (Pacific),EEZ,1950.0,2019.0,70,available
EEZ_921,Honduras (Caribbean),EEZ,1950.0,2019.0,70,available
EEZ_922,Iran (Persian Gulf),EEZ,1950.0,2019.0,70,available
EEZ_923,Iran (Sea of Oman),EEZ,1950.0,2019.0,70,available
EEZ_924,Canada (Arctic),EEZ,1950.0,2019.0,70,available
EEZ_925,Canada (Pacific),EEZ,1950.0,2019.0,70,available
EEZ_926,Canada (East Coast),EEZ,1950.0,2019.0,70,available
EEZ_927,Colombia (Caribbean),EEZ,1950.0,2019.0,70,available
EEZ_928,Colombia (Pacific),EEZ,1950.0,2019.0,70,available
EEZ_929,Costa Rica (Caribbean),EEZ,1950.0,2019.0,70,available
EEZ_930,Costa Rica (Pacific),EEZ,1950.0,2019.0,70,available
EEZ_931,Denmark (Baltic Sea),EEZ,1950.0,2019.0,70,available
EEZ_932,Denmark (North Sea),EEZ,1950.0,2019.0,70,available
EEZ_933,Egypt (Mediterranean),EEZ,1950.0,2019.0,70,available
EEZ_934,Egypt (Red Sea),EEZ,1950.0,2019.0,70,available
EEZ_935,Guatemala (Caribbean),EEZ,1950.0,2019.0,70,available
EEZ_936,Guatemala (Pacific),EEZ,1950.0,2019.0,70,available
EEZ_937,Indonesia (Central),EEZ,1950.0,2019.0,70,available
EEZ_938,Indonesia (Indian Ocean),EEZ,1950.0,2019.0,70,available
EEZ_939,Israel (Mediterranean),EEZ,1950.0,2019.0,70,available
EEZ_940,Israel (Red Sea),EEZ,1950.0,2019.0,70,available
EEZ_941,Kiribati (Gilbert Islands),EEZ,1950.0,2019.0,70,available
EEZ_942,Kiribati (Line Islands),EEZ,1950.0,2019.0,70,available
EEZ_943,Kiribati (Phoenix Islands),EEZ,1950.0,2019.0,70,available
EEZ_944,Mexico (Atlantic),EEZ,1950.0,2019.0,70,available
EEZ_945,Mexico (Pacific),EEZ,1950.0,2019.0,70,available
EEZ_946,Morocco (Central),EEZ,1950.0,2019.0,70,available
EEZ_947,Morocco (Mediterranean),EEZ,1950.0,2019.0,70,available
EEZ_948,Morocco (South),EEZ,1950.0,2019.0,70,available
EEZ_949,Nicaragua (Caribbean),EEZ,1950.0,2019.0,70,available
EEZ_950,Nicaragua (Pacific),EEZ,1950.0,2019.0,70,available
EEZ_951,Panama (Caribbean),EEZ,1950.0,2019.0,70,available
EEZ_952,Panama (Pacific),EEZ,1950.0,2019.0,70,available
EEZ_953,South Africa (Atlantic and Cape),EEZ,1950.0,2019.0,70,available
EEZ_954,South Africa (Indian Ocean Coast),EEZ,1950.0,2019.0,70,available
EEZ_956,Thailand (Andaman Sea),EEZ,1950.0,2019.0,70,available
EEZ_957,Thailand (Gulf of Thailand),EEZ,1950.0,2019.0,70,available
EEZ_958,"USA (Alaska, Arctic)",EEZ,1950.0,2019.0,70,available
EEZ_959,"USA (Alaska, Subarctic)",EEZ,1950.0,2019.0,70,available
EEZ_962,"Spain (mainland, Med and Gulf of Cadiz)",EEZ,1950.0,2019.0,70,available
EEZ_963,Spain (Northwest),EEZ,1950.0,2019.0,70,available
EEZ_966,Turkey (Marmara Sea),EEZ,1950.0,2019.0,70,available
EEZ_967,Aruba (Netherlands),EEZ,1950.0,2019.0,70,available
EEZ_968,United Arab Emirates (Fujairah),EEZ,1950.0,2019.0,70,available
EEZ_969,Fernando de Noronha (Brazil),EEZ,1950.0,2019.0,70,available
EEZ_970,St Paul and St. Peter Archipelago (Brazil),EEZ,1950.0,2019.0,70,available
EEZ_971,Japan (Ogasawara Islands),EEZ,1950.0,2019.0,70,available
EEZ_972,Glorieuse Islands (France),EEZ,1950.0,2019.0,61,available
EEZ_973,"Korea (North, Yellow Sea)",EEZ,1950.0,2019.0,70,available
EEZ_974,"Korea (North, Sea of Japan)",EEZ,1950.0,2019.0,70,available
EEZ_977,Yemen (Socotra),EEZ,1950.0,2019.0,70,available
HS_018,Arctic Sea,High Seas,,,0,empty_catch_archive
HS_021,"Atlantic, Northwest",High Seas,1950.0,2019.0,70,available
HS_027,"Atlantic, Northeast",High Seas,1950.0,2019.0,70,available
HS_031,"Atlantic, Western Central",High Seas,1950.0,2019.0,70,available
HS_034,"Atlantic, Eastern Central",High Seas,1950.0,2019.0,70,available
HS_041,"Atlantic, Southwest",High Seas,1950.0,2019.0,69,available
HS_047,"Atlantic, Southeast",High Seas,1950.0,2019.0,70,available
HS_048,"Atlantic, Antarctic",High Seas,1973.0,2019.0,45,available
HS_051,"Indian Ocean, Western",High Seas,1952.0,2019.0,68,available
HS_057,"Indian Ocean, Eastern",High Seas,1952.0,2019.0,68,available
HS_058,"Indian Ocean, Antarctic",High Seas,1952.0,2019.0,56,available
HS_061,"Pacific, Northwest",High Seas,1950.0,2019.0,70,available
HS_067,"Pacific, Northeast",High Seas,1961.0,2019.0,32,available
HS_071,"Pacific, Western Central",High Seas,1950.0,2019.0,70,available
HS_077,"Pacific, Eastern Central",High Seas,1950.0,2019.0,70,available
HS_081,"Pacific, Southwest",High Seas,1950.0,2019.0,70,available
HS_087,"Pacific, Southeast",High Seas,1950.0,2019.0,69,available
HS_088,"Pacific, Antarctic",High Seas,1976.0,2019.0,38,available
LME_001,East Bering Sea,LME,1950.0,2019.0,70,available
LME_002,Gulf of Alaska,LME,1950.0,2019.0,70,available
LME_003,California Current,LME,1950.0,2019.0,70,available
LME_004,Gulf of California,LME,1950.0,2019.0,70,available
LME_005,Gulf of Mexico,LME,1950.0,2019.0,70,available
LME_006,Southeast U.S. Continental Shelf,LME,1950.0,2019.0,70,available
LME_007,Northeast U.S. Continental Shelf,LME,1950.0,2019.0,70,available
LME_008,Scotian Shelf,LME,1950.0,2019.0,70,available
LME_009,Newfoundland-Labrador Shelf,LME,1950.0,2019.0,70,available
LME_010,Insular Pacific-Hawaiian,LME,1950.0,2019.0,70,available
LME_011,Pacific Central-American Coastal,LME,1950.0,2019.0,70,available
LME_012,Caribbean Sea,LME,1950.0,2019.0,70,available
LME_013,Humboldt Current,LME,1950.0,2019.0,70,available
LME_014,Patagonian Shelf,LME,1950.0,2019.0,70,available
LME_015,South Brazil Shelf,LME,1950.0,2019.0,70,available
LME_016,East Brazil Shelf,LME,1950.0,2019.0,70,available
LME_017,North Brazil Shelf,LME,1950.0,2019.0,70,available
LME_018,Canadian Eastern Arctic -West Greenland,LME,1950.0,2019.0,70,available
LME_019,Greenland Sea,LME,1950.0,2019.0,70,available
LME_020,Barents Sea,LME,1950.0,2019.0,70,available
LME_021,Norwegian Sea,LME,1950.0,2019.0,70,available
LME_022,North Sea,LME,1950.0,2019.0,70,available
LME_023,Baltic Sea,LME,1950.0,2019.0,70,available
LME_024,Celtic-Biscay Shelf,LME,1950.0,2019.0,70,available
LME_025,Iberian Coastal,LME,1950.0,2019.0,70,available
LME_026,Mediterranean Sea,LME,1950.0,2019.0,70,available
LME_027,Canary Current,LME,1950.0,2019.0,70,available
LME_028,Guinea Current,LME,1950.0,2019.0,70,available
LME_029,Benguela Current,LME,1950.0,2019.0,70,available
LME_030,Agulhas Current,LME,1950.0,2019.0,70,available
LME_031,Somali Coastal Current,LME,1950.0,2019.0,70,available
LME_032,Arabian Sea,LME,1950.0,2019.0,70,available
LME_033,Red Sea,LME,1950.0,2019.0,70,available
LME_034,Bay of Bengal,LME,1950.0,2019.0,70,available
LME_035,Gulf of Thailand,LME,1950.0,2019.0,70,available
LME_036,South China Sea,LME,1950.0,2019.0,70,available
LME_037,Sulu-Celebes Sea,LME,1950.0,2019.0,70,available
LME_038,Indonesian Sea,LME,1950.0,2019.0,70,available
LME_039,North Australian Shelf,LME,1950.0,2019.0,70,available
LME_040,Northeast Australian Shelf-Great Barrier Reef,LME,1950.0,2019.0,70,available
LME_041,East-Central Australian Shelf,LME,1950.0,2019.0,70,available
LME_042,Southeast Australian Shelf,LME,1950.0,2019.0,70,available
LME_043,Southwest Australian Shelf,LME,1950.0,2019.0,70,available
LME_044,West-Central Australian Shelf,LME,1950.0,2019.0,70,available
LME_045,Northwest Australian Shelf,LME,1950.0,2019.0,70,available
LME_046,New Zealand Shelf,LME,1950.0,2019.0,70,available
LME_047,East China Sea,LME,1950.0,2019.0,70,available
LME_048,Yellow Sea,LME,1950.0,2019.0,70,available
LME_049,Kuroshio Current,LME,1950.0,2019.0,70,available
LME_050,Sea of Japan / East Sea,LME,1950.0,2019.0,70,available
LME_051,Oyashio Current,LME,1950.0,2019.0,70,available
LME_052,Sea of Okhotsk,LME,1950.0,2019.0,70,available
LME_053,West Bering Sea,LME,1950.0,2019.0,70,available
LME_054,Northern Bering - Chukchi Seas,LME,1950.0,2019.0,70,available
LME_055,Beaufort Sea,LME,1950.0,2019.0,70,available
LME_056,East Siberian Sea,LME,1950.0,2019.0,70,available
LME_057,Laptev Sea,LME,1950.0,2019.0,70,available
LME_058,Kara Sea,LME,1950.0,2019.0,70,available
LME_059,Iceland Shelf and Sea,LME,1950.0,2019.0,70,available
LME_060,Faroe Plateau,LME,1950.0,2019.0,70,available
LME_061,Antarctic,LME,1981.0,2019.0,25,available
LME_062,Black Sea,LME,1950.0,2019.0,70,available
LME_063,Hudson Bay Complex,LME,1950.0,2019.0,70,available
LME_064,Central Arctic Ocean,LME,,,0,empty_catch_archive
LME_065,Aleutian Islands,LME,1950.0,2019.0,70,available
LME_066,Canadian High Arctic - North Greenland,LME,1950.0,2019.0,70,available
