unit_id,region_name,first_year,last_year,year_count,source_data_status,constrains_common_year,selected_common_year,contains_selected_year
EEZ_008,Albania,1950,2019,70,available,True,2019,True
EEZ_012,Algeria,1950,2019,70,available,True,2019,True
EEZ_016,American Samoa,1950,2019,70,available,True,2019,True
EEZ_024,Angola,1950,2019,70,available,True,2019,True
EEZ_028,Antigua & Barbuda,1950,2019,70,available,True,2019,True
EEZ_032,Argentina,1950,2019,70,available,True,2019,True
EEZ_036,Australia,1950,2019,70,available,True,2019,True
EEZ_037,Macquarie Isl. (Australia),1952,2019,47,available,True,2019,True
EEZ_038,Lord Howe Isl. (Australia),1950,2019,70,available,True,2019,True
EEZ_044,Bahamas,1950,2019,70,available,True,2019,True
EEZ_048,Bahrain,1950,2019,70,available,True,2019,True
EEZ_050,Bangladesh,1950,2019,70,available,True,2019,True
EEZ_052,Barbados,1950,2019,70,available,True,2019,True
EEZ_056,Belgium,1950,2019,70,available,True,2019,True
EEZ_060,Bermuda (UK),1950,2019,70,available,True,2019,True
EEZ_070,Bosnia & Herzegovina,1950,2019,70,available,True,2019,True
EEZ_074,Bouvet Isl. (Norway),2004,2019,16,available,True,2019,True
EEZ_076,Brazil (mainland),1950,2019,70,available,True,2019,True
EEZ_077,Trindade & Martim Vaz Isl. (Brazil),1951,2019,64,available,True,2019,True
EEZ_084,Belize,1950,2019,70,available,True,2019,True
EEZ_086,Chagos Archipelago (UK),1950,2019,70,available,True,2019,True
EEZ_090,Solomon Isl.,1950,2019,70,available,True,2019,True
EEZ_092,British Virgin Isl. (UK),1950,2019,70,available,True,2019,True
EEZ_096,Brunei Darussalam,1950,2019,70,available,True,2019,True
EEZ_100,Bulgaria,1950,2019,70,available,True,2019,True
EEZ_104,Myanmar,1950,2019,70,available,True,2019,True
EEZ_111,Eritrea,1950,2019,70,available,True,2019,True
EEZ_116,Cambodia,1950,2019,70,available,True,2019,True
EEZ_120,Cameroon,1950,2019,70,available,True,2019,True
EEZ_132,Cape Verde,1950,2019,70,available,True,2019,True
EEZ_136,Cayman Isl. (UK),1950,2019,70,available,True,2019,True
EEZ_144,Sri Lanka,1950,2019,70,available,True,2019,True
EEZ_152,Chile (mainland),1950,2019,70,available,True,2019,True
EEZ_153,Easter Isl. (Chile),1950,2019,70,available,True,2019,True
EEZ_154,Desventuradas Isl. (Chile),1950,2019,70,available,True,2019,True
EEZ_155,Juan Fernandez Islands (Chile),1950,2019,70,available,True,2019,True
EEZ_156,China,1950,2019,70,available,True,2019,True
EEZ_157,Taiwan,1950,2019,70,available,True,2019,True
EEZ_162,Christmas Isl. (Australia),1950,2019,70,available,True,2019,True
EEZ_166,Cocos (Keeling) Isl. (Australia),1950,2019,70,available,True,2019,True
EEZ_174,Comoros Isl.,1950,2019,70,available,True,2019,True
EEZ_175,Mayotte (France),1950,2019,70,available,True,2019,True
EEZ_178,"Congo, R. of",1950,2019,70,available,True,2019,True
EEZ_180,Congo (ex-Zaire),1950,2019,70,available,True,2019,True
EEZ_184,Cook Islands,1950,2019,70,available,True,2019,True
EEZ_191,Croatia,1950,2019,70,available,True,2019,True
EEZ_192,Cuba,1950,2019,70,available,True,2019,True
EEZ_197,Cyprus (North),1950,2019,70,available,True,2019,True
EEZ_198,Cyprus (South),1950,2019,70,available,True,2019,True
EEZ_204,Benin,1950,2019,70,available,True,2019,True
EEZ_212,Dominica,1950,2019,70,available,True,2019,True
EEZ_214,Dominican Republic,1950,2019,70,available,True,2019,True
EEZ_218,Ecuador (mainland),1950,2019,70,available,True,2019,True
EEZ_219,Galapagos Isl. (Ecuador),1950,2019,70,available,True,2019,True
EEZ_222,El Salvador,1950,2019,70,available,True,2019,True
EEZ_226,Equatorial Guinea,1950,2019,70,available,True,2019,True
EEZ_233,Estonia,1950,2019,70,available,True,2019,True
EEZ_234,Faeroe Isl. (Denmark),1950,2019,70,available,True,2019,True
EEZ_238,Falkland Isl. (UK),1950,2019,70,available,True,2019,True
EEZ_239,South Georgia & Sandwich Isl. (UK),1950,2019,70,available,True,2019,True
EEZ_242,Fiji,1950,2019,70,available,True,2019,True
EEZ_246,Finland,1950,2019,70,available,True,2019,True
EEZ_251,Mozambique Channel Isl. (France),1950,2019,70,available,True,2019,True
EEZ_252,Tromelin Isl. (France),1950,2019,63,available,True,2019,True
EEZ_254,French Guiana,1950,2019,70,available,True,2019,True
EEZ_258,French Polynesia,1950,2019,70,available,True,2019,True
EEZ_262,Djibouti,1950,2019,70,available,True,2019,True
EEZ_266,Gabon,1950,2019,70,available,True,2019,True
EEZ_268,Georgia,1950,2019,70,available,True,2019,True
EEZ_270,Gambia,1950,2019,70,available,True,2019,True
EEZ_274,Gaza Strip,1950,2019,70,available,True,2019,True
EEZ_277,Germany (North Sea),1950,2019,70,available,True,2019,True
EEZ_278,Germany (Baltic Sea),1950,2019,70,available,True,2019,True
EEZ_288,Ghana,1950,2019,70,available,True,2019,True
EEZ_300,Greece (without Crete),1950,2019,70,available,True,2019,True
EEZ_304,Greenland (Denmark),1950,2019,70,available,True,2019,True
EEZ_308,Grenada,1950,2019,70,available,True,2019,True
EEZ_312,Guadeloupe  (France),1950,2019,70,available,True,2019,True
EEZ_316,Guam (USA),1950,2019,70,available,True,2019,True
EEZ_324,Guinea,1950,2019,70,available,True,2019,True
EEZ_328,Guyana,1950,2019,70,available,True,2019,True
EEZ_332,Haiti,1950,2019,70,available,True,2019,True
EEZ_334,Heard & McDonald Isl. (Australia),1952,2019,40,available,True,2019,True
EEZ_344,Hong Kong (China),1950,2019,70,available,True,2019,True
EEZ_352,Iceland,1950,2019,70,available,True,2019,True
EEZ_356,India (mainland),1950,2019,70,available,True,2019,True
EEZ_357,Andaman & Nicobar Isl. (India),1950,2019,70,available,True,2019,True
EEZ_361,Indonesia (Eastern),1950,2019,70,available,True,2019,True
EEZ_368,Iraq,1950,2019,70,available,True,2019,True
EEZ_372,Ireland,1950,2019,70,available,True,2019,True
EEZ_380,Italy (mainland),1950,2019,70,available,True,2019,True
EEZ_384,Côte d'Ivoire,1950,2019,70,available,True,2019,True
EEZ_388,Jamaica,1950,2019,70,available,True,2019,True
EEZ_390,Japan (main islands),1950,2019,70,available,True,2019,True
EEZ_393,Japan (Daito Islands),1950,2019,70,available,True,2019,True
EEZ_396,Johnston Atoll (USA),1950,2019,68,available,True,2019,True
EEZ_400,Jordan,1950,2019,70,available,True,2019,True
EEZ_404,Kenya,1950,2019,70,available,True,2019,True
EEZ_410,Korea (South),1950,2019,70,available,True,2019,True
EEZ_414,Kuwait,1950,2019,70,available,True,2019,True
EEZ_422,Lebanon,1950,2019,70,available,True,2019,True
EEZ_428,Latvia,1950,2019,70,available,True,2019,True
EEZ_430,Liberia,1950,2019,70,available,True,2019,True
EEZ_434,Libya,1950,2019,70,available,True,2019,True
EEZ_440,Lithuania,1950,2019,70,available,True,2019,True
EEZ_450,Madagascar,1950,2019,70,available,True,2019,True
EEZ_459,Malaysia (Peninsula West),1950,2019,70,available,True,2019,True
EEZ_460,Malaysia (Peninsula East),1950,2019,70,available,True,2019,True
EEZ_461,Malaysia (Sabah),1950,2019,70,available,True,2019,True
EEZ_462,Maldives,1950,2019,70,available,True,2019,True
EEZ_463,Malaysia (Sarawak),1950,2019,70,available,True,2019,True
EEZ_470,Malta,1950,2019,70,available,True,2019,True
EEZ_474,Martinique (France),1950,2019,70,available,True,2019,True
EEZ_478,Mauritania,1950,2019,70,available,True,2019,True
EEZ_480,Mauritius,1950,2019,70,available,True,2019,True
EEZ_488,Hawaii Northwest Islands (USA),1950,2019,70,available,True,2019,True
EEZ_500,Montserrat (UK),1950,2019,70,available,True,2019,True
EEZ_508,Mozambique,1950,2019,70,available,True,2019,True
EEZ_512,Oman,1950,2019,70,available,True,2019,True
EEZ_516,Namibia,1950,2019,70,available,True,2019,True
EEZ_520,Nauru,1950,2019,70,available,True,2019,True
EEZ_528,Netherlands,1950,2019,70,available,True,2019,True
EEZ_540,New Caledonia (France),1950,2019,70,available,True,2019,True
EEZ_548,Vanuatu,1950,2019,70,available,True,2019,True
EEZ_554,New Zealand,1950,2019,70,available,True,2019,True
EEZ_555,Kermadec Isl. (New Zealand),1950,2019,70,available,True,2019,True
EEZ_566,Nigeria,1950,2019,70,available,True,2019,True
EEZ_570,Niue (New Zealand),1950,2019,70,available,True,2019,True
EEZ_574,Norfolk Isl. (Australia),1950,2019,70,available,True,2019,True
EEZ_578,Norway,1950,2019,70,available,True,2019,True
EEZ_579,Jan Mayen Isl. (Norway),1950,2019,70,available,True,2019,True
EEZ_580,Northern Marianas (USA),1950,2019,70,available,True,2019,True
EEZ_583,Micronesia (Federated States of),1950,2019,70,available,True,2019,True
EEZ_584,Marshall Isl.,1950,2019,70,available,True,2019,True
EEZ_585,Palau,1950,2019,70,available,True,2019,True
EEZ_586,Pakistan,1950,2019,70,available,True,2019,True
EEZ_598,Papua New Guinea,1950,2019,70,available,True,2019,True
EEZ_604,Peru,1950,2019,70,available,True,2019,True
EEZ_608,Philippines,1950,2019,70,available,True,2019,True
EEZ_612,Pitcairn (UK),1950,2019,70,available,True,2019,True
EEZ_616,Poland,1950,2019,70,available,True,2019,True
EEZ_620,Portugal (mainland),1950,2019,70,available,True,2019,True
EEZ_621,Madeira Isl. (Portugal),1950,2019,70,available,True,2019,True
EEZ_622,Azores Isl. (Portugal),1950,2019,70,available,True,2019,True
EEZ_624,Guinea-Bissau,1950,2019,70,available,True,2019,True
EEZ_626,Timor Leste,1950,2019,70,available,True,2019,True
EEZ_630,Puerto Rico (USA),1950,2019,70,available,True,2019,True
EEZ_634,Qatar,1950,2019,70,available,True,2019,True
EEZ_638,Réunion (France),1950,2019,70,available,True,2019,True
EEZ_642,Romania,1950,2019,70,available,True,2019,True
EEZ_645,Russia (Barents Sea),1950,2019,70,available,True,2019,True
EEZ_647,Russia (Black Sea),1950,2019,70,available,True,2019,True
EEZ_648,Russia (Baltic Sea),1950,2019,70,available,True,2019,True
EEZ_649,Russia (Far East),1950,2019,70,available,True,2019,True
EEZ_654,Saint Helena (UK),1950,2019,70,available,True,2019,True
EEZ_659,Saint Kitts & Nevis,1950,2019,70,available,True,2019,True
EEZ_660,Anguilla (UK),1950,2019,70,available,True,2019,True
EEZ_662,Saint Lucia,1950,2019,70,available,True,2019,True
EEZ_666,Saint Pierre & Miquelon (France),1950,2019,70,available,True,2019,True
EEZ_670,Saint Vincent & the Grenadines,1950,2019,70,available,True,2019,True
EEZ_678,Sao Tome & Principe,1950,2019,70,available,True,2019,True
EEZ_683,Saudi Arabia (Red Sea),1950,2019,70,available,True,2019,True
EEZ_684,Saudi Arabia (Persian Gulf),1950,2019,70,available,True,2019,True
EEZ_686,Senegal,1950,2019,70,available,True,2019,True
EEZ_690,Seychelles,1950,2019,70,available,True,2019,True
EEZ_694,Sierra Leone,1950,2019,70,available,True,2019,True
EEZ_702,Singapore,1950,2019,70,available,True,2019,True
EEZ_704,Viet Nam,1950,2019,70,available,True,2019,True
EEZ_705,Slovenia,1950,2019,70,available,True,2019,True
EEZ_706,Somalia,1950,2019,70,available,True,2019,True
EEZ_711,Prince Edward Isl. (South Africa),1950,2019,70,available,True,2019,True
EEZ_723,Canary Isl. (Spain),1950,2019,70,available,True,2019,True
EEZ_736,Sudan,1950,2019,70,available,True,2019,True
EEZ_740,Suriname,1950,2019,70,available,True,2019,True
EEZ_744,Svalbard Isl. (Norway),1950,2019,70,available,True,2019,True
EEZ_760,Syria,1950,2019,70,available,True,2019,True
EEZ_768,Togo,1950,2019,70,available,True,2019,True
EEZ_772,Tokelau (New Zealand),1950,2019,70,available,True,2019,True
EEZ_776,Tonga,1950,2019,70,available,True,2019,True
EEZ_780,Trinidad & Tobago,1950,2019,70,available,True,2019,True
EEZ_784,United Arab Emirates,1950,2019,70,available,True,2019,True
EEZ_788,Tunisia,1950,2019,70,available,True,2019,True
EEZ_793,Turkey (Mediterranean Sea),1950,2019,70,available,True,2019,True
EEZ_794,Turkey (Black Sea),1950,2019,70,available,True,2019,True
EEZ_796,Turks & Caicos Isl. (UK),1950,2019,70,available,True,2019,True
EEZ_798,Tuvalu,1950,2019,70,available,True,2019,True
EEZ_804,Ukraine,1950,2019,70,available,True,2019,True
EEZ_826,United Kingdom (UK),1950,2019,70,available,True,2019,True
EEZ_830,Channel Isl. (UK),1950,2019,70,available,True,2019,True
EEZ_834,Tanzania,1950,2019,70,available,True,2019,True
EEZ_842,Hawaii Main Islands (USA),1950,2019,70,available,True,2019,True
EEZ_844,Palmyra Atoll & Kingman Reef (USA),1950,2019,68,available,True,2019,True
EEZ_845,Jarvis Isl. (USA),1950,2019,67,available,True,2019,True
EEZ_846,Howland & Baker Isl. (USA),1950,2019,70,available,True,2019,True
EEZ_848,USA (West Coast),1950,2019,70,available,True,2019,True
EEZ_850,US Virgin Isl.,1950,2019,70,available,True,2019,True
EEZ_851,USA (East Coast),1950,2019,70,available,True,2019,True
EEZ_852,USA (Gulf of Mexico),1950,2019,70,available,True,2019,True
EEZ_855,Ascension Isl. (UK),1950,2019,70,available,True,2019,True
EEZ_856,Tristan da Cunha Isl. (UK),1950,2019,70,available,True,2019,True
EEZ_858,Uruguay,1950,2019,70,available,True,2019,True
EEZ_862,Venezuela,1950,2019,70,available,True,2019,True
EEZ_872,Wake Isl. (USA),1950,2019,70,available,True,2019,True
EEZ_876,Wallis & Futuna Isl. (France),1950,2019,70,available,True,2019,True
EEZ_882,Samoa,1950,2019,70,available,True,2019,True
EEZ_891,Montenegro,1950,2019,70,available,True,2019,True
EEZ_895,St Paul & Amsterdam Isl. (France),1950,2019,70,available,True,2019,True
EEZ_896,Crozet Isl. (France),1950,2019,58,available,True,2019,True
EEZ_897,Kerguelen Isl. (France),1952,2019,57,available,True,2019,True
EEZ_898,Clipperton Isl. (France),1950,2019,67,available,True,2019,True
EEZ_899,Corsica (France),1950,2019,70,available,True,2019,True
EEZ_900,Crete (Greece),1950,2019,70,available,True,2019,True
EEZ_901,Sicily (Italy),1950,2019,70,available,True,2019,True
EEZ_902,Sardinia (Italy),1950,2019,70,available,True,2019,True
EEZ_903,Balearic Islands (Spain),1950,2019,70,available,True,2019,True
EEZ_904,St Barthelemy (France),1950,2019,70,available,True,2019,True
EEZ_905,St Martin (France),1950,2019,70,available,True,2019,True
EEZ_906,Curaçao (Netherlands),1950,2019,70,available,True,2019,True
EEZ_907,Bonaire (Netherlands),1950,2019,70,available,True,2019,True
EEZ_908,Saba and Sint Eustatius (Netherlands),1950,2019,70,available,True,2019,True
EEZ_909,Sint Maarten (Netherlands),1950,2019,70,available,True,2019,True
EEZ_910,South Orkney Islands (UK),1950,2019,69,available,True,2019,True
EEZ_911,Musandam (Oman),1950,2019,70,available,True,2019,True
EEZ_912,Russia (Kara Sea),1950,2019,70,available,True,2019,True
EEZ_913,Russia (Laptev to Chukchi Sea),1950,2019,70,available,True,2019,True
EEZ_914,Sweden (Baltic),1950,2019,70,available,True,2019,True
EEZ_915,Sweden (West Coast),1950,2019,70,available,True,2019,True
EEZ_916,Yemen (Red Sea),1950,2019,70,available,True,2019,True
EEZ_917,Yemen (Arabian Sea),1950,2019,70,available,True,2019,True
EEZ_918,France (Mediterranean),1950,2019,70,available,True,2019,True
EEZ_919,France (Atlantic Coast),1950,2019,70,available,True,2019,True
EEZ_920,Honduras (Pacific),1950,2019,70,available,True,2019,True
EEZ_921,Honduras (Caribbean),1950,2019,70,available,True,2019,True
EEZ_922,Iran (Persian Gulf),1950,2019,70,available,True,2019,True
EEZ_923,Iran (Sea of Oman),1950,2019,70,available,True,2019,True
EEZ_924,Canada (Arctic),1950,2019,70,available,True,2019,True
EEZ_925,Canada (Pacific),1950,2019,70,available,True,2019,True
EEZ_926,Canada (East Coast),1950,2019,70,available,True,2019,True
EEZ_927,Colombia (Caribbean),1950,2019,70,available,True,2019,True
EEZ_928,Colombia (Pacific),1950,2019,70,available,True,2019,True
EEZ_929,Costa Rica (Caribbean),1950,2019,70,available,True,2019,True
EEZ_930,Costa Rica (Pacific),1950,2019,70,available,True,2019,True
EEZ_931,Denmark (Baltic Sea),1950,2019,70,available,True,2019,True
EEZ_932,Denmark (North Sea),1950,2019,70,available,True,2019,True
EEZ_933,Egypt (Mediterranean),1950,2019,70,available,True,2019,True
EEZ_934,Egypt (Red Sea),1950,2019,70,available,True,2019,True
EEZ_935,Guatemala (Caribbean),1950,2019,70,available,True,2019,True
EEZ_936,Guatemala (Pacific),1950,2019,70,available,True,2019,True
EEZ_937,Indonesia (Central),1950,2019,70,available,True,2019,True
EEZ_938,Indonesia (Indian Ocean),1950,2019,70,available,True,2019,True
EEZ_939,Israel (Mediterranean),1950,2019,70,available,True,2019,True
EEZ_940,Israel (Red Sea),1950,2019,70,available,True,2019,True
EEZ_941,Kiribati (Gilbert Islands),1950,2019,70,available,True,2019,True
EEZ_942,Kiribati (Line Islands),1950,2019,70,available,True,2019,True
EEZ_943,Kiribati (Phoenix Islands),1950,2019,70,available,True,2019,True
EEZ_944,Mexico (Atlantic),1950,2019,70,available,True,2019,True
EEZ_945,Mexico (Pacific),1950,2019,70,available,True,2019,True
EEZ_946,Morocco (Central),1950,2019,70,available,True,2019,True
EEZ_947,Morocco (Mediterranean),1950,2019,70,available,True,2019,True
EEZ_948,Morocco (South),1950,2019,70,available,True,2019,True
EEZ_949,Nicaragua (Caribbean),1950,2019,70,available,True,2019,True
EEZ_950,Nicaragua (Pacific),1950,2019,70,available,True,2019,True
EEZ_951,Panama (Caribbean),1950,2019,70,available,True,2019,True
EEZ_952,Panama (Pacific),1950,2019,70,available,True,2019,True
EEZ_953,South Africa (Atlantic and Cape),1950,2019,70,available,True,2019,True
EEZ_954,South Africa (Indian Ocean Coast),1950,2019,70,available,True,2019,True
EEZ_956,Thailand (Andaman Sea),1950,2019,70,available,True,2019,True
EEZ_957,Thailand (Gulf of Thailand),1950,2019,70,available,True,2019,True
EEZ_958,"USA (Alaska, Arctic)",1950,2019,70,available,True,2019,True
EEZ_959,"USA (Alaska, Subarctic)",1950,2019,70,available,True,2019,True
EEZ_962,"Spain (mainland, Med and Gulf of Cadiz)",1950,2019,70,available,True,2019,True
EEZ_963,Spain (Northwest),1950,2019,70,available,True,2019,True
EEZ_966,Turkey (Marmara Sea),1950,2019,70,available,True,2019,True
EEZ_967,Aruba (Netherlands),1950,2019,70,available,True,2019,True
EEZ_968,United Arab Emirates (Fujairah),1950,2019,70,available,True,2019,True
EEZ_969,Fernando de Noronha (Brazil),1950,2019,70,available,True,2019,True
EEZ_970,St Paul and St. Peter Archipelago (Brazil),1950,2019,70,available,True,2019,True
EEZ_971,Japan (Ogasawara Islands),1950,2019,70,available,True,2019,True
EEZ_972,Glorieuse Islands (France),1950,2019,61,available,True,2019,True
EEZ_973,"Korea (North, Yellow Sea)",1950,2019,70,available,True,2019,True
EEZ_974,"Korea (North, Sea of Japan)",1950,2019,70,available,True,2019,True
EEZ_977,Yemen (Socotra),1950,2019,70,available,True,2019,True
