unit_id,region_name,region_type,ppr_rank,ppr_species_2019,global_ppr_share,cumulative_ppr_share,selected_all84,selected_top25,article_count,best_quality_score,search_status,geometry_source,marker_lat,marker_lon,total_catch_tonnes,ppr_species,fraction_selected_ppr,rank_selected_ppr,accumulated fraction,catch_tl_coverage,data availability,ppr,search_notes
LME_036,South China Sea,LME,1,8070990713.09262,0.1085668718563684,0.1085668718563684,True,True,7,67,partial_model_found,Selected Sea Around Us polygon from PPR Global Estimation release,14.57461,111.57788,11101666.087778974,8070990713.09262,0.10856687185636843,1,0.10856687185636843,1,available,8070990713.09262,"ExpandedUBC thesis,publisher,author and supplement searches; local mangrove,coralreef,deep-seep and marine-ranch models supplement broader oldmodel. Local evidence is not wholeLME coverage."
LME_032,Arabian Sea,LME,2,4734727053.120913,0.06368914592073575,0.17225601777710414,True,True,4,64,partial_model_found,Selected Sea Around Us polygon from PPR Global Estimation release,20.83059,61.09282,5436428.793803818,4734727053.120913,0.06368914592073575,2,0.1722560177771042,1,available,4734727053.120913,"ExpandedCMFRI/WorldFish/MarinTrust source search; Karnataka2008 source supplied by user and its parameter/diet appendices inspected. Models represent Indian coastal subregions, not entireLME."
LME_034,Bay of Bengal,LME,3,3525461853.606897,0.047422724037356076,0.21967874181446023,True,True,5,71,expanded_search,Selected Sea Around Us polygon from PPR Global Estimation release,14.5833,92.86414,6697725.785375867,3525461853.606897,0.04742272403735608,3,0.2196787418144603,1,available,3525461853.606897,"Targeted LME-name search followed by named regional models and public publisher, institutional, author and report routes. Not an exhaustive literature census. Guenette original BOBLME report URLs failed DNS; public Doczz mirror supplied a verified62-page originalDecember2013report. Later2014revision not substituted. Karim2018 resettled-area article identified (10.15666/aeer/1603_31713196), but legacyBOB2019 has conflictingmetadata and was not silently conflated."
LME_047,East China Sea,LME,4,3396644855.5552316,0.04568994314123751,0.2653686849556977,True,True,3,75,searched_additional_sources,Selected Sea Around Us polygon from PPR Global Estimation release,29.9554,123.82371,5649829.984210193,3396644855.5552316,0.045689943141237525,4,0.2653686849556978,1,available,3396644855.5552316,"Targeted regional and bibliographic searches conducted; this is a broad follow-up search, not an assertion that all literature is exhausted."
LME_052,Sea of Okhotsk,LME,5,2799543440.9812036,0.03765803788130999,0.3030267228370077,True,True,2,48,searched_additional_sources,Selected Sea Around Us polygon from PPR Global Estimation release,55.9495,149.68977,4800852.12562512,2799543440.9812036,0.037658037881309996,5,0.3030267228370078,1,available,2799543440.9812036,"Targeted regional and bibliographic searches conducted; this is a broad follow-up search, not an assertion that all literature is exhausted."
LME_013,Humboldt Current,LME,6,2612052520.1434836,0.035136005146988884,0.3381627279839966,True,True,2,25,source_links_improved,Selected Sea Around Us polygon from PPR Global Estimation release,-44.05031,-73.05294,7390380.680601614,2612052520.1434836,0.03513600514698889,6,0.3381627279839967,1,available,2612052520.1434836,"Recovered exact 2018 IMARPE paper using author/title search; Chilean Patagonia 2026 region must be distinguished from northern Humboldt. Targeted expansion, not an exhaustive literature census."
LME_027,Canary Current,LME,7,2359485422.816173,0.03173860070614519,0.3699013286901418,True,True,3,79,expanded_search,Selected Sea Around Us polygon from PPR Global Estimation release,19.66388,-15.04396,5771015.257329415,2359485422.816173,0.0317386007061452,7,0.3699013286901419,1,available,2359485422.816173,"Targeted LME-name search followed by named regional models and public publisher, institutional, author and report routes. Not an exhaustive literature census."
LME_028,Guinea Current,LME,8,2256398879.66561,0.030351932833737893,0.4002532615238797,True,True,2,53,expanded_search,Selected Sea Around Us polygon from PPR Global Estimation release,5.11506,-1.37888,4469154.981144243,2256398879.66561,0.0303519328337379,8,0.4002532615238798,1,available,2256398879.66561,"Targeted LME-name search followed by named regional models and public publisher, institutional, author and report routes. Not an exhaustive literature census."
HS_077,"Pacific, Eastern Central",High Seas,9,2196179346.027695,0.0295418902225982,0.4297951517464779,True,True,1,70,curated,Selected Sea Around Us polygon from PPR Global Estimation release,7.58693,-148.71829,860671.2076084926,2196179346.027695,0.02954189022259821,9,0.42979515174647803,1,available,2196179346.027695,
LME_035,Gulf of Thailand,LME,10,1868893899.8381805,0.02513941246490838,0.4549345642113863,True,True,2,70,expanded_search,Selected Sea Around Us polygon from PPR Global Estimation release,9.84089,102.08249,2615825.0568618225,1868893899.8381805,0.025139412464908382,10,0.4549345642113864,1,available,1868893899.8381805,"Targeted LME-name search followed by named regional models and public publisher, institutional, author and report routes. Not an exhaustive literature census."
LME_022,North Sea,LME,11,1700184787.4627526,0.022870023088142958,0.47780458729952924,True,True,5,75,additional_sources_found,Selected Sea Around Us polygon from PPR Global Estimation release,57.59745,6.32646,2717260.698205171,1700184787.4627526,0.022870023088142965,11,0.47780458729952935,1,available,1700184787.4627526,"Added whole North Sea2007 report and separate northern2021 and Southern Bight2024 reports; actual Southern Bight model-data archive identified. Targeted expansion, not an exhaustive literature census."
LME_049,Kuroshio Current,LME,12,1682486180.5803437,0.022631950408623983,0.5004365377081532,True,True,2,25,searched_additional_sources,Selected Sea Around Us polygon from PPR Global Estimation release,34.53164,136.12366,3090456.265124474,1682486180.5803437,0.022631950408623987,12,0.5004365377081533,1,available,1682486180.5803437,"Targeted regional and bibliographic searches conducted; this is a broad follow-up search, not an assertion that all literature is exhausted. Kuroshio2025 DOI10.1016/j.ecolmodel.2025.111152 and NPFC2024 precursor searched; no verified full-text or supplemental download found."
LME_038,Indonesian Sea,LME,13,1678212214.8416104,0.022574459190114356,0.5230109968982677,True,True,3,63,expanded_search,Selected Sea Around Us polygon from PPR Global Estimation release,-3.76364,120.96227,2883541.9537540916,1678212214.8416104,0.022574459190114363,13,0.5230109968982677,1,available,1678212214.8416104,"Targeted LME-name search followed by named regional models and public publisher, institutional, author and report routes. Not an exhaustive literature census."
LME_048,Yellow Sea,LME,14,1554214509.6068287,0.020906504975662047,0.5439175018739297,True,True,3,44,searched_additional_sources,Selected Sea Around Us polygon from PPR Global Estimation release,37.35978,123.52829,2658977.968899307,1554214509.6068287,0.02090650497566205,14,0.5439175018739297,1,available,1554214509.6068287,"Targeted regional and bibliographic searches conducted; this is a broad follow-up search, not an assertion that all literature is exhausted."
EEZ_941,Kiribati (Gilbert Islands),EEZ,15,1552445784.5398905,0.0208827129835117,0.5648002148574415,,,1,25,proxy_only,Selected Sea Around Us polygon from PPR Global Estimation release,0.6565,173.77909677761684,599962.7992743407,1552445784.5398905,0.020882712983511704,15,0.5648002148574415,1,available,1552445784.5398905,"Targeted geographic Ecopath/EwE search returned no verified local marine mass-balance model. This is a search outcome, not evidence that no unpublished model exists. No unsupported full-EEZ assignment or island-surrounding rectangle added. Geographic follow-up: Most of the Gilbert Islands EEZ lies within the published 110-180 E, 15 S-15 N warm-pool model domain. Its small portion east of the dateline is outside. Use only as an oceanic basin proxy; national PPR and reef fisheries are not resolved."
EEZ_938,Indonesia (Indian Ocean),EEZ,16,1549538383.7711182,0.020843604103583692,0.5856438189610251,,,1,40,partial_model_found,Selected Sea Around Us polygon from PPR Global Estimation release,-2.1790000000000003,97.39800728291317,2112707.572524511,1549538383.7711182,0.020843604103583695,16,0.5856438189610251,1,available,1549538383.7711182,Ekas Bay is explicitly on southern Lombok and connected to the Indian Ocean. The Java Sea model is not reassigned to Indonesia's Indian-Ocean unit.
HS_071,"Pacific, Western Central",High Seas,17,1482147259.8171525,0.01993709289837338,0.6055809118593986,True,True,1,49,curated,Selected Sea Around Us polygon from PPR Global Estimation release,-3.13636,165.98643,571817.786555246,1482147259.8171525,0.019937092898373383,17,0.6055809118593986,1,available,1482147259.8171525,
LME_050,Sea of Japan / East Sea,LME,18,1439195574.0782979,0.01935932861547552,0.6249402404748741,True,True,1,73,searched_additional_sources,Selected Sea Around Us polygon from PPR Global Estimation release,42.71034,136.16034,2586941.83669577,1439195574.0782979,0.019359328615475523,18,0.6249402404748741,1,available,1439195574.0782979,"Targeted regional and bibliographic searches conducted; this is a broad follow-up search, not an assertion that all literature is exhausted."
LME_014,Patagonian Shelf,LME,19,1391657718.08254,0.01871987349730201,0.6436601139721762,True,True,3,67,additional_sources_found,Selected Sea Around Us polygon from PPR Global Estimation release,-45.26385,-61.82303,1589890.9385366847,1391657718.08254,0.018719873497302014,19,0.643660113972176,1,available,1391657718.08254,"Added actual northern Patagonia food-web manuscript; flagged legacy2005 DOI/model completeness mismatch. Targeted expansion, not an exhaustive literature census."
EEZ_598,Papua New Guinea,EEZ,20,1304961504.0343719,0.017553680015536356,0.6612137939877124,,,1,25,proxy_only,Selected Sea Around Us polygon from PPR Global Estimation release,-6.0825,152.84030405913978,536763.5433324721,1304961504.0343719,0.01755368001553636,20,0.6612137939877124,1,available,1304961504.0343719,No local reef or national EEZ model verified in this pass. Regional warm-pool model overlaps Papua New Guinea oceanic waters.
LME_003,California Current,LME,21,1028923753.7644161,0.013840560260304318,0.6750543542480169,True,True,1,52,source_links_improved,Selected Sea Around Us polygon from PPR Global Estimation release,35.52988,-119.91077,1037537.6190575529,1028923753.7644161,0.013840560260304322,21,0.6750543542480167,1,available,1028923753.7644161,"Publisher-title search recovered California agency PDF and authors' public data/code deposit. Targeted expansion, not an exhaustive literature census."
LME_024,Celtic-Biscay Shelf,LME,22,1010255322.1765621,0.013589441990936205,0.688643796238953,True,True,3,72,expanded_search,Selected Sea Around Us polygon from PPR Global Estimation release,52.12243,-4.06275,1139679.567089067,1010255322.1765621,0.013589441990936209,22,0.688643796238953,1,available,1010255322.1765621,"Targeted LME-name search followed by named regional models and public publisher, institutional, author and report routes. Not an exhaustive literature census."
LME_026,Mediterranean Sea,LME,23,1007915797.3835726,0.013557971890494477,0.7022017681294475,True,True,2,94,expanded_search,Selected Sea Around Us polygon from PPR Global Estimation release,38.45475,18.92112,1487741.6269238535,1007915797.3835726,0.013557971890494479,23,0.7022017681294475,1,available,1007915797.3835726,"Targeted LME-name search followed by named regional models and public publisher, institutional, author and report routes. Not an exhaustive literature census."
LME_029,Benguela Current,LME,24,997757338.2466873,0.013421325452581555,0.715623093582029,True,True,4,79,expanded_search,Selected Sea Around Us polygon from PPR Global Estimation release,-21.10515,14.31504,1592518.0818040825,997757338.2466873,0.013421325452581557,24,0.715623093582029,1,available,997757338.2466873,"Targeted LME-name search followed by named regional models and public publisher, institutional, author and report routes. Not an exhaustive literature census."
LME_037,Sulu-Celebes Sea,LME,25,990198790.8703026,0.013319651708477119,0.7289427452905062,True,True,3,44,expanded_search,Selected Sea Around Us polygon from PPR Global Estimation release,7.92081,121.6302,1731971.9673227614,990198790.8703026,0.013319651708477123,25,0.7289427452905062,1,available,990198790.8703026,"Targeted LME-name search followed by named regional models and public publisher, institutional, author and report routes. Not an exhaustive literature census. Bacalso2014 DOI/publisher, OpenAlexlocations and ResearchGate routes tried; no verified2014file. Bacalso2016 follow-up recovered from UniversityofLisbon teachingrepository."
LME_002,Gulf of Alaska,LME,26,967218747.5530663,0.013010535825834725,0.7419532811163408,True,True,1,71,source_links_improved,Selected Sea Around Us polygon from PPR Global Estimation release,55.8147,-137.96377,1102866.6258441233,967218747.5530663,0.013010535825834729,26,0.741953281116341,1,available,967218747.5530663,"Regional NOAA report recovered; recent ecosystem status reports found but not treated as separate parameter-complete model publications. Targeted expansion, not an exhaustive literature census."
HS_051,"Indian Ocean, Western",High Seas,27,907481876.8369483,0.012206985751416148,0.754160266867757,True,True,1,25,curated,Selected Sea Around Us polygon from PPR Global Estimation release,-12.54782,58.56847,377854.0083285441,907481876.8369483,0.01220698575141615,27,0.7541602668677571,1,available,907481876.8369483,
EEZ_554,New Zealand,EEZ,28,844346453.6499314,0.011357720073582652,0.7655179869413397,,,2,64,partial_model_found,Selected Sea Around Us polygon from PPR Global Estimation release,-43.3805,176.35679545454545,536634.0092869516,844346453.6499314,0.011357720073582654,28,0.7655179869413397,1,available,844346453.6499314,Verified Southern Plateau model and a more recent Tasman/Golden Bays EwE model. Both are subregional.
LME_001,East Bering Sea,LME,29,816435933.9124104,0.010982281923855553,0.7765002688651951,True,True,2,86,additional_sources_found,Selected Sea Around Us polygon from PPR Global Estimation release,58.85559,-162.09753,1300999.7714510453,816435933.9124104,0.010982281923855556,29,0.7765002688651952,1,available,816435933.9124104,"NOAA recent update and 2007 base report located; added open climate/EwE article. Targeted expansion, not an exhaustive literature census."
LME_011,Pacific Central-American Coastal,LME,30,748768977.2026196,0.010072060356371267,0.7865723292215664,True,False,4,67,additional_sources_found,Selected Sea Around Us polygon from PPR Global Estimation release,8.42239,-85.05886,1587670.713519913,748768977.2026196,0.010072060356371268,30,0.7865723292215665,1,available,748768977.2026196,"Added 2019 Nicoya baseline comparison and existing Nicoya sources. Existing Galápagos assignment flagged geographically invalid. Targeted expansion, not an exhaustive literature census."
LME_046,New Zealand Shelf,LME,31,722610291.6356041,0.009720186991026137,0.7962925162125926,True,False,2,64,searched_additional_sources,Selected Sea Around Us polygon from PPR Global Estimation release,-40.31392,172.02955,431127.7771667331,722610291.6356041,0.009720186991026138,31,0.7962925162125927,1,available,722610291.6356041,Existing well-documented NZ-2021-TBGB source had only EEZ assignment; adds defensible New Zealand Shelf subregional assignment. Also searched Chatham Rise and Te Tapuwae o Rongokako models; Ecopath-derived independent models were not automatically treated as native EwE.
LME_059,Iceland Shelf and Sea,LME,32,707135211.9152755,0.009512024070675031,0.8058045402832675,True,False,3,67,searched_additional_sources,Selected Sea Around Us polygon from PPR Global Estimation release,64.9855,-16.04561,697974.9116856114,707135211.9152755,0.009512024070675033,32,0.8058045402832678,1,available,707135211.9152755,"Targeted regional and bibliographic searches conducted; this is a broad follow-up search, not an assertion that all literature is exhausted."
LME_020,Barents Sea,LME,33,661277433.8131701,0.008895168507856354,0.814699708791124,True,False,1,85,source_links_improved,Selected Sea Around Us polygon from PPR Global Estimation release,69.57556,36.81147,675569.0179631643,661277433.8131701,0.008895168507856356,33,0.8146997087911241,1,available,661277433.8131701,"Primary Barents2021 paper and Figshare supplements pursued; Nascimento2023/2025 spatial extensions are additional leads. Targeted expansion, not an exhaustive literature census."
HS_087,"Pacific, Southeast",High Seas,34,657270846.1435144,0.008841273923464479,0.8235409827145884,True,False,0,0,no suitable Ecopath model found after web + Zotero search,Selected Sea Around Us polygon from PPR Global Estimation release,-23.82325,-81.95917,245882.41767354257,657270846.1435144,0.00884127392346448,34,0.8235409827145885,1,available,657270846.1435144,
HS_034,"Atlantic, Eastern Central",High Seas,35,580150840.1289461,0.007803894733204231,0.8313448774477927,True,False,0,0,no suitable Ecopath model found after web + Zotero search,Selected Sea Around Us polygon from PPR Global Estimation release,12.39271,-16.94027,235319.45527268611,580150840.1289461,0.007803894733204233,35,0.8313448774477927,1,available,580150840.1289461,
EEZ_583,Micronesia (Federated States of),EEZ,36,577443311.7451106,0.007767474435183258,0.839112351882976,,,1,25,proxy_only,Selected Sea Around Us polygon from PPR Global Estimation release,5.8305,151.12346851988218,227502.48946383104,577443311.7451106,0.00776747443518326,36,0.839112351882976,1,available,577443311.7451106,No dedicated reef/EEZ study located. Warm-pool model is a regional pelagic proxy; publication location in Pohnpei is not itself coverage evidence.
HS_057,"Indian Ocean, Eastern",High Seas,37,577352176.971839,0.00776624853645494,0.8468786004194309,True,False,0,0,no suitable Ecopath model found after web + Zotero search,Selected Sea Around Us polygon from PPR Global Estimation release,-16.37053,106.07645,249459.52394633277,577352176.971839,0.007766248536454942,37,0.8468786004194309,1,available,577352176.971839,
LME_005,Gulf of Mexico,LME,38,558361747.8475869,0.00751079891960857,0.8543893993390395,True,False,2,85,additional_sources_found,Selected Sea Around Us polygon from PPR Global Estimation release,26.92892,-90.17253,1549275.8254257175,558361747.8475869,0.0075107989196085715,38,0.8543893993390395,1,available,558361747.8475869,"Added Apalachicola Bay model and recovered Gulfwide NOAA input archive. Targeted expansion, not an exhaustive literature census."
LME_051,Oyashio Current,LME,39,528421987.24496377,0.007108064451399793,0.8614974637904392,True,False,2,25,searched_additional_sources,Selected Sea Around Us polygon from PPR Global Estimation release,45.39321,149.2599,1092021.8374498228,528421987.24496377,0.007108064451399795,39,0.8614974637904392,1,available,528421987.24496377,Publisher supplement confirms Oyashio-block parameterization in Watari 2019. Booth 2020 DOI and Penn State institutional metadata found; no public main-file alternative yet verified. Exact Booth2020 title and institutional/PennState/HAL routes searched; no additional downloadable author manuscript confirmed.
LME_053,West Bering Sea,LME,40,511445832.05498385,0.0068797098254757905,0.868377173615915,True,False,1,80,searched_additional_sources,Selected Sea Around Us polygon from PPR Global Estimation release,58.23723,166.2518,705687.5220776038,511445832.05498385,0.006879709825475791,40,0.868377173615915,1,available,511445832.05498385,"Targeted regional and bibliographic searches conducted; this is a broad follow-up search, not an assertion that all literature is exhausted."
LME_030,Agulhas Current,LME,41,482169734.53988993,0.0064859026163781785,0.8748630762322932,True,False,1,40,expanded_search,Selected Sea Around Us polygon from PPR Global Estimation release,-20.28718,40.68434,794215.4259763142,482169734.53988993,0.006485902616378179,41,0.8748630762322932,1,available,482169734.53988993,"Targeted LME-name search followed by named regional models and public publisher, institutional, author and report routes. Not an exhaustive literature census."
LME_060,Faroe Plateau,LME,42,476451437.8234684,0.006408982990409417,0.8812720592227027,True,False,1,48,searched_additional_sources,Selected Sea Around Us polygon from PPR Global Estimation release,62.00675,-7.23285,420222.20101457404,476451437.8234684,0.006408982990409418,42,0.8812720592227026,1,available,476451437.8234684,"Targeted regional and bibliographic searches conducted; this is a broad follow-up search, not an assertion that all literature is exhausted."
LME_007,Northeast U.S. Continental Shelf,LME,43,432863601.07882154,0.0058226615269643045,0.8870947207496669,True,False,2,83,additional_sources_found,Selected Sea Around Us polygon from PPR Global Estimation release,40.1784,-72.75548,700878.7473042159,432863601.07882154,0.005822661526964305,43,0.8870947207496669,1,available,432863601.07882154,"Added dedicated NWACS 2017 report; North Carolina-to-Maine geography verified from companion article. Targeted expansion, not an exhaustive literature census."
LME_012,Caribbean Sea,LME,44,398459551.5651003,0.005359875709501121,0.892454596459168,True,False,3,40,additional_sources_found,Selected Sea Around Us polygon from PPR Global Estimation release,13.25551,-76.19948,625707.9632201534,398459551.5651003,0.005359875709501122,44,0.892454596459168,1,available,398459551.5651003,"Added existing Lesser Antilles and Puerto Rico/Virgin Islands sources to LME. Discovery Bay Jamaica zooplankton-only 2009 and La Parguera2009 remain further leads. Targeted expansion, not an exhaustive literature census."
EEZ_798,Tuvalu,EEZ,45,371273439.1947608,0.004994181920113457,0.8974487783792815,,,1,25,proxy_only,Selected Sea Around Us polygon from PPR Global Estimation release,-8.712499999999999,177.01603595505617,145109.2872791087,371273439.1947608,0.004994181920113459,45,0.8974487783792815,1,available,371273439.1947608,"Targeted geographic Ecopath/EwE search returned no verified local marine mass-balance model. This is a search outcome, not evidence that no unpublished model exists. No unsupported full-EEZ assignment or island-surrounding rectangle added. Geographic follow-up: Only the Tuvalu EEZ portion west of 180 degrees overlaps the published 110-180 E, 15 S-15 N warm-pool model domain. Use as an oceanic basin proxy, not a whole-EEZ or coastal-fishery model."
LME_025,Iberian Coastal,LME,46,350502389.2247894,0.004714780295136487,0.9021635586744181,True,False,2,44,expanded_search,Selected Sea Around Us polygon from PPR Global Estimation release,41.20658,-7.70273,429516.3330948258,350502389.2247894,0.004714780295136488,46,0.902163558674418,1,available,350502389.2247894,"Targeted LME-name search followed by named regional models and public publisher, institutional, author and report routes. Not an exhaustive literature census."
LME_021,Norwegian Sea,LME,47,338234665.9022903,0.004549761105638151,0.9067133197800562,True,False,1,82,source_links_improved,Selected Sea Around Us polygon from PPR Global Estimation release,64.37546,10.24775,707251.5165434971,338234665.9022903,0.004549761105638152,47,0.9067133197800562,1,available,338234665.9022903,"Verified direct Norwegian/Barents2016 technical report link; 2001 Dommasnes predecessor also in fisheries impacts volume. Targeted expansion, not an exhaustive literature census."
EEZ_090,Solomon Isl.,EEZ,48,304737248.2783,0.004099170840331117,0.9108124906203873,,,1,25,proxy_only,Selected Sea Around Us polygon from PPR Global Estimation release,-10.067499999999999,164.50353429850742,142760.9815038889,304737248.2783,0.004099170840331118,48,0.9108124906203873,1,available,304737248.2783,"Warm-pool pelagic model geographically includes Solomon waters. Targeted coastal studies located used stomach contents, isotopes or other bioeconomic approaches, not a demonstrated local Ecopath model."
LME_017,North Brazil Shelf,LME,49,292573328.34463125,0.003935547961349546,0.9147480385817369,True,False,2,63,additional_sources_found,Selected Sea Around Us polygon from PPR Global Estimation release,0.40018,-49.48442,453226.03085279715,292573328.34463125,0.003935547961349547,49,0.9147480385817368,1,available,292573328.34463125,"Author repository restricted main2000 paper; alternate archived source candidate and open comparative2006 paper located. Targeted expansion, not an exhaustive literature census."
LME_062,Black Sea,LME,50,287609386.6659423,0.0038687755365890415,0.918616814118326,True,False,2,44,searched_additional_sources,Selected Sea Around Us polygon from PPR Global Estimation release,45.05895,34.3454,1145168.1859547237,287609386.6659423,0.0038687755365890424,50,0.9186168141183259,1,available,287609386.6659423,"Targeted regional and bibliographic searches conducted; this is a broad follow-up search, not an assertion that all literature is exhausted."
HS_061,"Pacific, Northwest",High Seas,51,284384862.0630329,0.0038254008677526766,0.9224422149860786,True,False,0,0,no suitable Ecopath model found after web + Zotero search,Selected Sea Around Us polygon from PPR Global Estimation release,35.84403,159.94822,132995.67933726683,284384862.0630329,0.003825400867752677,51,0.9224422149860785,1,available,284384862.0630329,
EEZ_942,Kiribati (Line Islands),EEZ,52,275077618.8439184,0.0037002045544591283,0.9261424195405378,,,1,60,proxy_only,Selected Sea Around Us polygon from PPR Global Estimation release,-3.0125,-154.88833659914712,110424.34936910501,275077618.8439184,0.003700204554459129,52,0.9261424195405376,1,available,275077618.8439184,"Targeted geographic Ecopath/EwE search returned no verified local marine mass-balance model. This is a search outcome, not evidence that no unpublished model exists. No unsupported full-EEZ assignment or island-surrounding rectangle added. Geographic follow-up: Only the southeastern oceanic part of the Line Islands EEZ east of 150 W overlaps the published ETP model domain. The model excludes small coastal/artisanal fisheries and is a partial oceanic proxy, not a whole-EEZ model."
LME_009,Newfoundland-Labrador Shelf,LME,53,272326949.81673676,0.0036632039503934,0.9298056234909312,True,False,3,67,additional_sources_found,Selected Sea Around Us polygon from PPR Global Estimation release,53.19559,-59.41438,506689.99406100786,272326949.81673676,0.003663203950393401,53,0.929805623490931,1,available,272326949.81673676,"Added original 2000 parameter report. Heymans2003/Back to Future and recent Wudrick models remain additional leads. Targeted expansion, not an exhaustive literature census."
LME_004,Gulf of California,LME,54,254257319.8187799,0.0034201404561809935,0.9332257639471123,True,False,2,63,additional_sources_found,Selected Sea Around Us polygon from PPR Global Estimation release,26.86111,-110.60841,664877.8552277525,254257319.8187799,0.0034201404561809944,54,0.933225763947112,1,available,254257319.8187799,"Northern Gulf model government PDF added; La Paz 2007 and 2012 papers identified as additional leads, not yet fully acquired. Targeted expansion, not an exhaustive literature census."
LME_023,Baltic Sea,LME,55,250346631.37596366,0.0033675358595293484,0.9365932998066416,True,False,2,86,expanded_search,Selected Sea Around Us polygon from PPR Global Estimation release,59.52212,19.2429,937172.6469930055,250346631.37596366,0.0033675358595293492,55,0.9365932998066413,1,available,250346631.37596366,"Targeted LME-name search followed by named regional models and public publisher, institutional, author and report routes. Not an exhaustive literature census."
EEZ_238,Falkland Isl. (UK),EEZ,56,240475941.02839917,0.003234760341356648,0.9398280601479982,,,1,49,partial_model_found,Selected Sea Around Us polygon from PPR Global Estimation release,-51.962500000000006,-55.476456877470326,278214.9808580502,240475941.02839917,0.003234760341356649,56,0.9398280601479979,1,available,240475941.02839917,"Existing Falkland Shelf model is directly relevant but does not establish entire EEZ coverage. Publisher dates article 12 February 2024, despite retained legacy ID PAT-2023. A broader 2005 Falklands model is also listed by EcoBase, but not substituted for an exact EEZ polygon."
LME_015,South Brazil Shelf,LME,57,226590038.8924343,0.003047974231522591,0.9428760343795209,True,False,1,41,source_links_improved,Selected Sea Around Us polygon from PPR Global Estimation release,-27.17902,-48.07618,292432.0999772061,226590038.8924343,0.0030479742315225916,57,0.9428760343795205,1,available,226590038.8924343,"Recovered South Brazil Bight original article and corrected bibliographic title/DOI; shelf model cannot cover whole LME. Targeted expansion, not an exhaustive literature census."
LME_031,Somali Coastal Current,LME,58,220033882.6044375,0.0029597841437264756,0.9458358185232473,True,False,1,24,expanded_search,Selected Sea Around Us polygon from PPR Global Estimation release,-1.8543,42.75285,237379.07863162042,220033882.6044375,0.002959784143726476,58,0.9458358185232469,1,available,220033882.6044375,"Targeted LME-name search followed by named regional models and public publisher, institutional, author and report routes. Not an exhaustive literature census. Wabnitz routes tried: title search, UBC report announcement, DOI, OpenAlex repository locations, UBC media /1 and /5, and author ResearchGate copy. Current attempts did not yield a verified file; report is advertised as open access."
EEZ_963,Spain (Northwest),EEZ,59,218230163.06143558,0.0029355214236402964,0.9487713399468876,,,2,44,partial_model_found,Selected Sea Around Us polygon from PPR Global Estimation release,44.1905,-8.02026134086818,194491.9853032628,218230163.06143558,0.0029355214236402973,59,0.9487713399468872,1,available,218230163.06143558,Two geographically specific NW Spain models identified: Cantabrian/Galician shelf and Rias Baixas. Neither establishes whole offshore EEZ coverage.
EEZ_520,Nauru,EEZ,60,211818272.35681504,0.0028492719232714823,0.951620611870159,,,1,25,proxy_only,Selected Sea Around Us polygon from PPR Global Estimation release,-0.7055,165.92212657317717,81729.3484479404,211818272.35681504,0.0028492719232714827,60,0.9516206118701587,1,available,211818272.35681504,No island/reef-specific study located. Regional warm-pool pelagic model provides only pooled oceanic context.
LME_018,Canadian Eastern Arctic -West Greenland,LME,61,208696707.97660503,0.00280728222310891,0.9544278940932679,True,False,1,43,source_links_improved,Selected Sea Around Us polygon from PPR Global Estimation release,69.28962,-68.84878,219045.62416918142,208696707.97660503,0.0028072822231089106,61,0.9544278940932676,1,available,208696707.97660503,"Recovered volume containing West Greenland chapter; no extension to whole Canadian Eastern Arctic assumed. Targeted expansion, not an exhaustive literature census."
LME_016,East Brazil Shelf,LME,62,201658143.72504213,0.002712603028160433,0.9571404971214282,True,False,2,71,additional_sources_found,Selected Sea Around Us polygon from PPR Global Estimation release,-10.64515,-37.70712,306003.2887419415,201658143.72504213,0.0027126030281604337,62,0.957140497121428,1,available,201658143.72504213,"Added actual published East Brazil LME model description, with parameters and diets. Targeted expansion, not an exhaustive literature census."
EEZ_943,Kiribati (Phoenix Islands),EEZ,63,197891389.7807206,0.002661934565350255,0.9598024316867785,,,0,0,no_defensible_model_found,Selected Sea Around Us polygon from PPR Global Estimation release,-3.6075,-172.54421437707975,77760.627954773,197891389.7807206,0.0026619345653502552,63,0.9598024316867783,1,available,197891389.7807206,"Targeted geographic Ecopath/EwE search returned no verified local marine mass-balance model. This is a search outcome, not evidence that no unpublished model exists. No unsupported full-EEZ assignment or island-surrounding rectangle added."
HS_027,"Atlantic, Northeast",High Seas,64,192111009.49801588,0.002584179822749019,0.9623866115095275,True,False,0,0,no suitable Ecopath model found after web + Zotero search,Selected Sea Around Us polygon from PPR Global Estimation release,47.6179,-22.83329,734932.290461042,192111009.49801588,0.0025841798227490193,64,0.9623866115095273,1,available,192111009.49801588,
LME_054,Northern Bering - Chukchi Seas,LME,65,188778895.78178984,0.0025393579197509736,0.9649259694292784,True,False,2,84,searched_additional_sources,Selected Sea Around Us polygon from PPR Global Estimation release,66.27778,-170.36229,348828.221273396,188778895.78178984,0.0025393579197509745,65,0.9649259694292783,1,available,188778895.78178984,"Targeted regional and bibliographic searches conducted; this is a broad follow-up search, not an assertion that all literature is exhausted."
EEZ_219,Galapagos Isl. (Ecuador),EEZ,66,178171427.7951421,0.002396671642617886,0.9673226410718961,,,3,44,partial_model_found,Selected Sea Around Us polygon from PPR Global Estimation release,0.134,-88.67752678571429,68947.83335948801,178171427.7951421,0.0023966716426178864,66,0.9673226410718962,1,available,178171427.7951421,"Several models cover distinct Galápagos habitats: Darwin/Wolf, southeastern shelf, Bolivar Channel and penguin food web. None demonstrates complete EEZ coverage. Original PCA-2016 label overgeneralizes Darwin/Wolf as the entire Reserve."
HS_041,"Atlantic, Southwest",High Seas,67,149349456.46302813,0.0020089731085103503,0.9693316141804066,True,False,0,0,no suitable Ecopath model found after web + Zotero search,Selected Sea Around Us polygon from PPR Global Estimation release,-32.58067,-45.72823,62238.3652132951,149349456.46302813,0.0020089731085103507,67,0.9693316141804066,1,available,149349456.46302813,
EEZ_184,Cook Islands,EEZ,68,137382390.56615844,0.001847998210148172,0.9711796123905547,,,0,0,no_defensible_model_found,Selected Sea Around Us polygon from PPR Global Estimation release,-15.563500000000001,-162.87594812081466,57850.209005275494,137382390.56615844,0.0018479982101481723,68,0.9711796123905547,1,available,137382390.56615844,No direct Cook Islands model found. Warm-pool model citations or observer programmes mentioning Cook Islands do not demonstrate model coverage; 2007 model ends at 180°E and does not reach the Cook Islands.
EEZ_584,Marshall Isl.,EEZ,69,133348178.67679021,0.0017937320387692367,0.9729733444293239,,,1,25,proxy_only,Selected Sea Around Us polygon from PPR Global Estimation release,9.634,166.33192864894193,56340.9448327468,133348178.67679021,0.001793732038769237,69,0.9729733444293239,1,available,133348178.67679021,No dedicated island/reef model verified. Warm-pool model supplies pooled pelagic context.
EEZ_462,Maldives,EEZ,70,122606801.3874515,0.0016492444816418545,0.9746225889109659,,,2,40,partial_model_found,Selected Sea Around Us polygon from PPR Global Estimation release,2.654,73.25034841938933,51028.4249362374,122606801.3874515,0.0016492444816418549,70,0.9746225889109658,1,available,122606801.3874515,BOBLME's explicit Maldives-and-open-waters component is useful but coarser than an EEZ-specific model; a tropical Indian Ocean pelagic model is an additional proxy.
LME_033,Red Sea,LME,71,114071139.38229904,0.0015344270873386497,0.9761570159983044,True,False,1,71,expanded_search,Selected Sea Around Us polygon from PPR Global Estimation release,21.64795,37.97961,147100.34178144718,114071139.38229904,0.0015344270873386499,71,0.9761570159983044,1,available,114071139.38229904,"Targeted LME-name search followed by named regional models and public publisher, institutional, author and report routes. Not an exhaustive literature census."
LME_006,Southeast U.S. Continental Shelf,LME,72,104438774.10426635,0.0014048573970752844,0.9775618733953796,True,False,1,71,source_links_improved,Selected Sea Around Us polygon from PPR Global Estimation release,30.84895,-78.65359,115599.570034811,104438774.10426635,0.0014048573970752848,72,0.9775618733953797,1,available,104438774.10426635,"Recovered 2001 author chapter from Florida agency; direct publication source replaces generic EcoBase. Targeted expansion, not an exhaustive literature census."
EEZ_723,Canary Isl. (Spain),EEZ,73,101920689.58241549,0.0013709854017620185,0.9789328587971416,,,1,44,partial_model_found,Selected Sea Around Us polygon from PPR Global Estimation release,28.4465,-19.159209812500002,92826.4650597252,101920689.58241549,0.0013709854017620187,73,0.9789328587971418,1,available,101920689.58241549,Verified El Hierro shallow rocky-bottom model. Other regional candidates include Tenerife-La Gomera and Gran Canaria; continental Northwest African models should not be labelled Canary island models.
HS_021,"Atlantic, Northwest",High Seas,74,101551846.3748264,0.0013660239100843662,0.9802988827072261,True,False,0,0,no suitable Ecopath model found after web + Zotero search,Selected Sea Around Us polygon from PPR Global Estimation release,47.84152,-55.80643,87745.0994728874,101551846.3748264,0.0013660239100843667,74,0.9802988827072261,1,available,101551846.3748264,
HS_081,"Pacific, Southwest",High Seas,75,91386286.47267893,0.001229281956280062,0.981528164663506,True,False,1,24,curated,Selected Sea Around Us polygon from PPR Global Estimation release,-41.64266,162.01436,45252.466822717106,91386286.47267893,0.0012292819562800621,75,0.9815281646635061,1,available,91386286.47267893,
HS_047,"Atlantic, Southeast",High Seas,76,87861469.42037457,0.0011818679057826558,0.9827100325692888,True,False,0,0,no suitable Ecopath model found after web + Zotero search,Selected Sea Around Us polygon from PPR Global Estimation release,-21.37572,6.20726,41830.7267805337,87861469.42037457,0.001181867905782656,76,0.9827100325692888,1,available,87861469.42037457,
LME_065,Aleutian Islands,LME,77,85526381.4039745,0.0011504574866083896,0.9838604900558972,True,False,2,58,searched_additional_sources,Selected Sea Around Us polygon from PPR Global Estimation release,52.52492,-177.61436,151507.6717909796,85526381.4039745,0.0011504574866083898,77,0.9838604900558972,1,available,85526381.4039745,"Targeted regional and bibliographic searches conducted; this is a broad follow-up search, not an assertion that all literature is exhausted."
EEZ_930,Costa Rica (Pacific),EEZ,78,80279567.24893846,0.0010798800048253993,0.9849403700607224,,,3,60,partial_model_found,Selected Sea Around Us polygon from PPR Global Estimation release,6.3785,-86.99571541501976,53716.993195901494,80279567.24893846,0.0010798800048253995,78,0.9849403700607225,1,available,80279567.24893846,"Gulf of Nicoya 1,530 km2 mass-balance model and dynamic extension found. These are local Pacific estuary studies, not the entire Costa Rica Pacific EEZ; offshore ETP proxy is separately identified."
EEZ_242,Fiji,EEZ,79,79413036.45710625,0.0010682238722909095,0.9860085939330134,,,0,0,no_defensible_model_found,Selected Sea Around Us polygon from PPR Global Estimation release,-17.430999999999997,175.5728808146233,57561.8277487637,79413036.45710625,0.0010682238722909097,79,0.9860085939330134,1,available,79413036.45710625,"Fiji reef study cites EwE as background but uses empirical mapping/random forests. No local EwE model confirmed. Main islands lie south of the 2007 warm-pool limit (15°S), so basin assignment was not inferred from Pacific-wide naming."
LME_019,Greenland Sea,LME,80,76279788.78654897,0.0010260770144346807,0.987034670947448,True,False,0,0,no_defensible_model_found,Selected Sea Around Us polygon from PPR Global Estimation release,69.63087,-29.92184,87093.8235737202,76279788.78654897,0.001026077014434681,80,0.9870346709474481,1,available,76279788.78654897,"Targeted Ecopath Greenland Sea searches yielded adjacent West Greenland/Norwegian models and 2025 northeast Greenland StrathE2EPolar study. The latter is not EwE; no defensible new Greenland Sea EwE source confirmed. Targeted expansion, not an exhaustive literature census."
LME_008,Scotian Shelf,LME,81,75212513.43069898,0.0010117205678827025,0.9880463915153307,True,False,2,82,additional_sources_found,Selected Sea Around Us polygon from PPR Global Estimation release,45.33613,-63.46922,148680.26073080717,75212513.43069898,0.0010117205678827027,81,0.9880463915153308,1,available,75212513.43069898,"Added 2011 three-model documentation and recovered earlier eastern shelf technical report. Targeted expansion, not an exhaustive literature census."
EEZ_132,Cape Verde,EEZ,82,68290801.75380284,0.0009186132144777118,0.9889650047298083,,,1,60,partial_model_found,Selected Sea Around Us polygon from PPR Global Estimation release,16.002000000000002,-25.787959636523986,41113.6989825735,68290801.75380284,0.000918613214477712,82,0.9889650047298085,1,available,68290801.75380284,"A dedicated Cape Verde coastal model is documented in chapter pp. 39–56 by Stobberup, Ramos and Coelho within the already-catalogued 2004 volume. Shelf ecosystem, baseline 1981–1985; offshore EEZ not covered."
EEZ_258,French Polynesia,EEZ,83,47721884.851591855,0.0006419305809660502,0.9896069353107744,,,1,20,partial_model_found,Selected Sea Around Us polygon from PPR Global Estimation release,-17.8675,-144.97227185548618,30503.7776851117,47721884.851591855,0.0006419305809660504,83,0.9896069353107746,1,available,47721884.851591855,Published Ecopath models cover Moorea Tiahura fringing/barrier reef habitats. They represent only a small part of this large multi-archipelago EEZ.
EEZ_842,Hawaii Main Islands (USA),EEZ,84,47556032.822993144,0.0006396996236305665,0.990246634934405,,,2,64,partial_model_found,Selected Sea Around Us polygon from PPR Global Estimation release,20.579500000000003,-160.0093862539156,22486.1865752072,47556032.822993144,0.0006396996236305667,84,0.9902466349344051,1,available,47556032.822993144,Verified local models cover coastal reef and deeper insular habitats. Their domain is not the whole offshore EEZ. NOAA archive provides input tables for the newer model; no native model import was performed.
LME_010,Insular Pacific-Hawaiian,LME,85,44813494.47199182,0.0006028083892953153,0.9908494433237003,True,False,2,64,additional_sources_found,Selected Sea Around Us polygon from PPR Global Estimation release,23.68658,-166.78587,21171.9533963985,44813494.47199182,0.0006028083892953154,85,0.9908494433237004,1,available,44813494.47199182,"Main Hawaiian model already in catalog under EEZ reassigned to LME; 1984 French Frigate Shoals model identified but not duplicated into new source. Targeted expansion, not an exhaustive literature census."
EEZ_621,Madeira Isl. (Portugal),EEZ,86,34811066.00645102,0.00046826079680344437,0.9913177041205038,,,1,25,direct_model_found,Selected Sea Around Us polygon from PPR Global Estimation release,32.951,-17.037983516483514,14928.145180905802,34811066.00645102,0.0004682607968034445,86,0.9913177041205038,1,available,34811066.00645102,Verified 2024 Madeira EEZ model. Madeira River models from Brazil were excluded.
EEZ_690,Seychelles,EEZ,87,32871376.210854456,0.000442169073870592,0.9917598731943744,,,1,40,proxy_only,Selected Sea Around Us polygon from PPR Global Estimation release,-6.6865,51.92851719717925,18710.237207483602,32871376.210854456,0.0004421690738705921,87,0.9917598731943744,1,available,32871376.210854456,No local reef/plateau model verified. Tropical Indian Ocean EwE is a pelagic basin proxy; Seychelles fleet parameters do not mean the model resolves its EEZ.
HS_031,"Atlantic, Western Central",High Seas,88,32845718.432304144,0.0004418239384522756,0.9922016971328266,True,False,1,25,curated,Selected Sea Around Us polygon from PPR Global Estimation release,23.61281,-62.66891,16859.0112032287,32845718.432304144,0.00044182393845227573,88,0.9922016971328267,1,available,32845718.432304144,
EEZ_548,Vanuatu,EEZ,89,32659015.20720979,0.00043931250140141786,0.9926410096342281,,,1,25,proxy_only,Selected Sea Around Us polygon from PPR Global Estimation release,-19.155,170.30507285078846,19630.861294589602,32659015.20720979,0.00043931250140141797,89,0.9926410096342281,1,available,32659015.20720979,No local reef model located. Warm-pool pelagic domain reaches northern Vanuatu waters only; it cannot represent the whole EEZ.
LME_039,North Australian Shelf,LME,90,32609919.10129194,0.00043865208549594755,0.993079661719724,True,False,1,63,expanded_search,Selected Sea Around Us polygon from PPR Global Estimation release,-12.79708,134.04322,44872.4444403339,32609919.10129194,0.0004386520854959476,90,0.9930796617197241,1,available,32609919.10129194,"Targeted LME-name search followed by named regional models and public publisher, institutional, author and report routes. Not an exhaustive literature census."
LME_041,East-Central Australian Shelf,LME,91,32154354.584904723,0.0004325240627746864,0.9935121857824986,True,False,1,67,expanded_search,Selected Sea Around Us polygon from PPR Global Estimation release,-30.82141,152.59581,39281.024733703096,32154354.584904723,0.0004325240627746865,91,0.9935121857824988,1,available,32154354.584904723,"Targeted LME-name search followed by named regional models and public publisher, institutional, author and report routes. Not an exhaustive literature census."
EEZ_393,Japan (Daito Islands),EEZ,92,29495755.19813662,0.0003967619327957171,0.9939089477152943,,,0,0,no_defensible_model_found,Selected Sea Around Us polygon from PPR Global Estimation release,22.895,133.273723064963,17808.098251388197,29495755.19813662,0.00039676193279571716,92,0.9939089477152945,1,available,29495755.19813662,Daito Ecopath and trophic-model searches did not yield a local EwE study. Eastern Japan/Oyashio coastal models are geographically distinct and were not assigned.
HS_048,"Atlantic, Antarctic",High Seas,93,29368420.191220015,0.0003950490868923859,0.9943039968021867,True,False,1,25,curated,Selected Sea Around Us polygon from PPR Global Estimation release,-71.01166,-51.96195,154127.61540295082,29368420.191220015,0.000395049086892386,93,0.9943039968021868,1,available,29368420.191220015,
LME_040,Northeast Australian Shelf-Great Barrier Reef,LME,94,27661702.09258175,0.00037209118101730836,0.994676087983204,True,False,2,40,expanded_search,Selected Sea Around Us polygon from PPR Global Estimation release,-18.18579,147.62842,22842.531697643197,27661702.09258175,0.0003720911810173084,94,0.9946760879832042,1,available,27661702.09258175,"Targeted LME-name search followed by named regional models and public publisher, institutional, author and report routes. Not an exhaustive literature census."
EEZ_622,Azores Isl. (Portugal),EEZ,95,27576431.66877207,0.0003709441665423857,0.9950470321497464,,,1,52,direct_model_found,Selected Sea Around Us polygon from PPR Global Estimation release,38.2665,-28.025917988598643,21195.0352962868,27576431.66877207,0.0003709441665423858,95,0.9950470321497465,1,available,27576431.66877207,Verified 2016 model explicitly confined to the Azores EEZ.
EEZ_772,Tokelau (New Zealand),EEZ,96,23763562.209588856,0.00031965538122527456,0.9953666875309718,,,0,0,no_defensible_model_found,Selected Sea Around Us polygon from PPR Global Estimation release,-8.876,-171.9980431235431,9835.363687701802,23763562.209588856,0.00031965538122527467,96,0.9953666875309718,1,available,23763562.209588856,No local model verified. The 2007 warm-pool model ends at 180 degrees and does not directly cover Tokelau.
LME_042,Southeast Australian Shelf,LME,97,22122834.477210246,0.0002975851442736472,0.9956642726752453,True,False,2,40,expanded_search,Selected Sea Around Us polygon from PPR Global Estimation release,-38.65742,144.37854,32645.7543579061,22122834.477210246,0.00029758514427364723,97,0.9956642726752455,1,available,22122834.477210246,"Targeted LME-name search followed by named regional models and public publisher, institutional, author and report routes. Not an exhaustive literature census."
EEZ_585,Palau,EEZ,98,21756489.01330104,0.0002926572509766231,0.995956929926222,,,1,25,proxy_only,Selected Sea Around Us polygon from PPR Global Estimation release,6.269,133.05181914893615,10527.122073695098,21756489.01330104,0.0002926572509766232,98,0.9959569299262221,1,available,21756489.01330104,No island-specific EwE model verified. Warm-pool domain overlaps Palau but is only a broad pelagic proxy.
LME_043,Southwest Australian Shelf,LME,99,21615913.49973341,0.000290766300496048,0.9962476962267182,True,False,1,67,expanded_search,Selected Sea Around Us polygon from PPR Global Estimation release,-34.24714,129.41299,30450.9174249122,21615913.49973341,0.00029076630049604805,99,0.9962476962267182,1,available,21615913.49973341,"Targeted LME-name search followed by named regional models and public publisher, institutional, author and report routes. Not an exhaustive literature census."
EEZ_971,Japan (Ogasawara Islands),EEZ,100,19260173.048480563,0.00025907807524717615,0.9965067743019653,,,0,0,no_defensible_model_found,Selected Sea Around Us polygon from PPR Global Estimation release,25.799,141.68799962855803,18442.8655651381,19260173.048480563,0.0002590780752471762,100,0.9965067743019653,1,available,19260173.048480563,Ogasawara/Bonin searches returned terrestrial island simulations and mainland eastern Japan marine Ecopath papers. Neither establishes coverage of this separate oceanic EEZ.
LME_045,Northwest Australian Shelf,LME,101,19198827.203371964,0.00025825288206562263,0.9967650271840308,True,False,1,82,searched_additional_sources,Selected Sea Around Us polygon from PPR Global Estimation release,-16.51355,122.75067,44647.94498142931,19198827.203371964,0.0002582528820656227,101,0.9967650271840309,1,available,19198827.203371964,"Targeted regional and bibliographic searches conducted; this is a broad follow-up search, not an assertion that all literature is exhausted."
EEZ_882,Samoa,EEZ,102,18932962.27433015,0.0002546766019398678,0.9970197037859708,,,0,0,no_defensible_model_found,Selected Sea Around Us polygon from PPR Global Estimation release,-13.0235,-172.5489218255189,13979.0205088216,18932962.27433015,0.00025467660193986786,102,0.9970197037859708,1,available,18932962.27433015,No independent Samoa model verified. American Samoa reports mentioning Hawaiian Ecopath work do not establish coverage of the independent Samoa EEZ.
EEZ_776,Tonga,EEZ,103,17016818.719265178,0.00022890161108729713,0.9972486053970582,,,0,0,no_defensible_model_found,Selected Sea Around Us polygon from PPR Global Estimation release,-19.941499999999998,-174.39744109990193,14542.412200733399,17016818.719265178,0.00022890161108729716,103,0.9972486053970582,1,available,17016818.719265178,No local model verified. Tonga lies east/south of the verified 2007 warm-pool domain; no assignment made.
EEZ_480,Mauritius,EEZ,104,16709126.407168973,0.00022476269022788528,0.997473368087286,,,0,0,no_defensible_model_found,Selected Sea Around Us polygon from PPR Global Estimation release,-16.132,57.77996870002498,15255.362035387398,16709126.407168973,0.00022476269022788533,104,0.997473368087286,1,available,16709126.407168973,MODIME project brief explicitly proposes an EwE model for Wakashio oil effects; it is labelled ongoing and does not provide a completed model or model inputs. Do not count the brief as an available model.
EEZ_898,Clipperton Isl. (France),EEZ,105,14841352.716606868,0.0001996383462497651,0.9976730064335358,,,1,60,proxy_only,Selected Sea Around Us polygon from PPR Global Estimation release,10.573,-109.21967440204168,5821.5688911778,14841352.716606868,0.00019963834624976516,105,0.9976730064335358,1,available,14841352.716606868,"No Clipperton reef or full EEZ model verified. ETP pelagic study is a defensible broad offshore proxy, explicitly not a local reconstruction."
EEZ_540,New Caledonia (France),EEZ,106,14486808.543640152,0.000194869197930531,0.9978678756314664,,,1,40,partial_model_found,Selected Sea Around Us polygon from PPR Global Estimation release,-20.49674373764008,160.61137358816427,11907.664433573698,14486808.543640152,0.00019486919793053106,106,0.9978678756314664,1,available,14486808.543640152,Verified Ecopath study of Uvea shallow lagoon. New Caledonia author affiliations on warm-pool reports do not establish model coverage.
EEZ_044,Bahamas,EEZ,107,14068447.015522765,0.00018924161093070025,0.998057117242397,,,1,20,partial_model_found,Selected Sea Around Us polygon from PPR Global Estimation release,25.3655,-73.69841260425655,18392.7135678369,14068447.015522765,0.0001892416109307003,107,0.9980571172423971,1,available,14068447.015522765,A preliminary Ecopath model exists for the North Sound lemon-shark nursery at Bimini; only its 2001 conference abstract was confirmed. No Bahamas-wide model found.
EEZ_226,Equatorial Guinea,EEZ,108,13733577.498158086,0.0001847371160957156,0.9982418543584927,,,0,0,no_defensible_model_found,Selected Sea Around Us polygon from PPR Global Estimation release,-1.737,4.803739405370397,23094.1925275575,13733577.498158086,0.00018473711609571562,108,0.9982418543584928,1,available,13733577.498158086,Targeted Ecopath/Ecosim search did not locate an Equatorial Guinea model. Guinea and Guinea-Bissau models are different countries and were not reused.
EEZ_016,American Samoa,EEZ,109,11609368.971725864,0.00015616334082036226,0.998398017699313,,,0,0,no_defensible_model_found,Selected Sea Around Us polygon from PPR Global Estimation release,-13.224499999999999,-168.64877848101264,5598.672346021601,11609368.971725864,0.0001561633408203623,109,0.9983980176993131,1,available,11609368.971725864,"A NOAA 2017 workshop describes development of an American Samoa coral reef Ecosim model, but a model publication/database was not confirmed. A report excerpt about social objectives was traced to a Hawaii model and excluded. Warm-pool 2007 bounds do not reach American Samoa."
EEZ_155,Juan Fernandez Islands (Chile),EEZ,110,10134000.51502535,0.000136317432941953,0.9985343351322551,,,0,0,no_defensible_model_found,Selected Sea Around Us polygon from PPR Global Estimation release,-33.701499999999996,-80.58385704134713,42555.52794494491,10134000.51502535,0.00013631743294195302,110,0.9985343351322551,1,available,10134000.51502535,"A 2008 author field report mentioned developing Ecopath/STELLA models, but complete local Ecopath documentation was not established. Later Juan Fernández Ridge ecosystem paper is Atlantis, and lobster study is bioeconomic; neither counted as EwE."
EEZ_846,Howland & Baker Isl. (USA),EEZ,111,9583004.046822514,0.00012890570802698688,0.9986632408402821,,,0,0,no_defensible_model_found,Selected Sea Around Us polygon from PPR Global Estimation release,0.5595,-176.56107020923866,4352.1546382121005,9583004.046822514,0.0001289057080269869,111,0.9986632408402821,1,available,9583004.046822514,"Targeted geographic Ecopath/EwE search returned no verified local marine mass-balance model. This is a search outcome, not evidence that no unpublished model exists. No unsupported full-EEZ assignment or island-surrounding rectangle added."
LME_044,West-Central Australian Shelf,LME,112,8269244.800308175,0.00011123368524357958,0.9987744745255257,True,False,1,40,expanded_search,Selected Sea Around Us polygon from PPR Global Estimation release,-27.77961,113.73541,19839.072931287603,8269244.800308175,0.00011123368524357961,112,0.9987744745255257,1,available,8269244.800308175,"Targeted LME-name search followed by named regional models and public publisher, institutional, author and report routes. Not an exhaustive literature census."
EEZ_845,Jarvis Isl. (USA),EEZ,113,7929382.82878491,0.00010666203444842204,0.9988811365599741,,,0,0,no_defensible_model_found,Selected Sea Around Us polygon from PPR Global Estimation release,-1.1075,-160.2852044392523,3423.5308595899996,7929382.82878491,0.00010666203444842206,113,0.9988811365599741,1,available,7929382.82878491,"No verified island-specific Ecopath model found. NOAA coral bleaching and field monitoring studies are contextual data, not loadable EwE models."
EEZ_153,Easter Isl. (Chile),EEZ,114,7297323.667236305,9.815989531373368e-05,0.9989792964552878,,,0,0,no_defensible_model_found,Selected Sea Around Us polygon from PPR Global Estimation release,-26.7185,-107.44970764549944,3582.4039295136,7297323.667236305,9.81598953137337e-05,114,0.9989792964552878,1,available,7297323.667236305,Rapa Nui trophic-pathway study located uses stable isotopes and cites Ecopath background; search did not establish an actual local EwE model. No Humboldt mainland model assigned.
EEZ_626,Timor Leste,EEZ,115,7104836.656840956,9.557065771769638e-05,0.9990748671130055,,,0,0,no_defensible_model_found,Selected Sea Around Us polygon from PPR Global Estimation release,-9.738,126.91122844469807,6740.4405352820995,7104836.656840956,9.55706577176964e-05,115,0.9990748671130055,1,available,7104836.656840956,"Search located a training-workshop reference to participants from Timor Leste, not a model for Timorese waters. No defensible local model was verified."
HS_088,"Pacific, Antarctic",High Seas,116,5471586.54715935,7.36010059524475e-05,0.9991484681189581,True,False,0,0,no suitable Ecopath model found after web + Zotero search,Selected Sea Around Us polygon from PPR Global Estimation release,-75.40523,-113.42655,3559.327863,5471586.54715935,7.360100595244751e-05,116,0.999148468118958,1,available,5471586.54715935,
EEZ_910,South Orkney Islands (UK),EEZ,117,4841842.867915373,6.513001351084658e-05,0.999213598132469,,,0,0,no_defensible_model_found,Selected Sea Around Us polygon from PPR Global Estimation release,-60.611000000000004,-45.094793903042294,267149.7089344195,4841842.867915373,6.51300135108466e-05,117,0.9992135981324688,1,available,4841842.867915373,"Antarctic Peninsula/CCAMLR 48.1 model hits reference South Orkney in background, but their defined domain does not establish coverage of South Orkney/48.2. Local benthic surveys are not Ecopath models; no assignment made."
EEZ_897,Kerguelen Isl. (France),EEZ,118,4822911.269595499,6.487535525612999e-05,0.9992784734877251,,,3,44,direct_model_found,Selected Sea Around Us polygon from PPR Global Estimation release,-49.1755,65.96580264510969,5596.068903000001,4822911.269595499,6.487535525613e-05,118,0.9992784734877249,1,available,4822911.269595499,"Existing KER-2005 is geographically reassigned to the actual Kerguelen EEZ. Two newer study options found, including a documented rectangular Kerguelen Plateau domain. Newer model time-series data have confidentiality restrictions."
EEZ_239,South Georgia & Sandwich Isl. (UK),EEZ,119,4624410.704054249,6.220522636754453e-05,0.9993406787140927,,,1,40,partial_model_found,Selected Sea Around Us polygon from PPR Global Estimation release,-56.5965,-31.537453947368423,142823.95840618768,4624410.704054249,6.220522636754455e-05,119,0.9993406787140925,1,available,4624410.704054249,South Georgia shelf pelagic Ecopath model found. No direct South Sandwich Islands model confirmed; Antarctic Peninsula models must not be treated as local coverage.
EEZ_970,St Paul and St. Peter Archipelago (Brazil),EEZ,120,4397891.451362429,5.915820431607573e-05,0.9993998369184086,,,0,0,no_defensible_model_found,Selected Sea Around Us polygon from PPR Global Estimation release,0.6065,-29.343000000000004,6274.562444918601,4397891.451362429,5.915820431607574e-05,120,0.9993998369184086,1,available,4397891.451362429,"Integrated ecosystem assessment includes this archipelago but uses ODEMM, not EwE. Portuguese and English searches did not verify a local mass-balance model."
EEZ_077,Trindade & Martim Vaz Isl. (Brazil),EEZ,121,3959781.1888991157,5.326496736232028e-05,0.999453101885771,,,0,0,no_defensible_model_found,Selected Sea Around Us polygon from PPR Global Estimation release,-20.496000000000002,-27.307951347440763,6471.8616207145,3959781.1888991157,5.3264967362320283e-05,121,0.999453101885771,1,available,3959781.1888991157,Targeted island-name searches found local reef/environment studies but no defensible Ecopath model. Brazilian continental-shelf models were not assigned to distant oceanic islands.
EEZ_316,Guam (USA),EEZ,122,3197466.711028016,4.301069980393605e-05,0.999496112585575,,,1,25,proxy_only,Selected Sea Around Us polygon from PPR Global Estimation release,13.310500000000001,142.93146551724138,1385.0534596170999,3197466.711028016,4.3010699803936055e-05,122,0.9994961125855749,1,available,3197466.711028016,Guam-specific search chiefly returned Atlantis coral-reef work. The older warm-pool Ecopath oceanic domain includes Guam waters only as regional pelagic context.
EEZ_312,Guadeloupe  (France),EEZ,123,3035680.419758,4.083443270404508e-05,0.999536947018279,,,1,36,proxy_only,Selected Sea Around Us polygon from PPR Global Estimation release,16.7845,-59.55513199337549,5032.7505711547,3035680.419758,4.0834432704045096e-05,123,0.999536947018279,1,available,3035680.419758,"Lesser Antilles model explicitly aggregates island EEZs from Antigua/St Kitts to Trinidad. Useful regional pelagic context, with no separate country balance or whole-ecosystem EEZ reconstruction."
EEZ_334,Heard & McDonald Isl. (Australia),EEZ,124,3029959.8663934683,4.075748272279097e-05,0.9995777045010018,,,2,40,proxy_only,Selected Sea Around Us polygon from PPR Global Estimation release,-53.1635,70.32079257374504,4250.4902151652,3029959.8663934683,4.0757482722790976e-05,124,0.9995777045010018,1,available,3029959.8663934683,"Kerguelen Plateau EwE studies explicitly extend their domain to Heard/McDonald and Australian fishing zones. They aggregate both French and Australian territories, not an independently balanced Heard/McDonald EEZ."
LME_063,Hudson Bay Complex,LME,125,2919836.9461889495,3.927616507650763e-05,0.9996169806660782,True,False,2,40,searched_additional_sources,Selected Sea Around Us polygon from PPR Global Estimation release,62.37684,-78.74943,1269.735630608,2919836.9461889495,3.9276165076507634e-05,125,0.9996169806660783,1,available,2919836.9461889495,Found thesis containing development of the Hudson Bay and Antarctic Peninsula ecosystem models as a detailed alternative to blocked chapter/publisher routes.
EEZ_052,Barbados,EEZ,126,2898747.7148155924,3.899248343673738e-05,0.9996559731495149,,,1,36,proxy_only,Selected Sea Around Us polygon from PPR Global Estimation release,13.5205,-58.15385300499024,3109.8835019505,2898747.7148155924,3.899248343673739e-05,126,0.999655973149515,1,available,2898747.7148155924,"Lesser Antilles model explicitly aggregates island EEZs from Antigua/St Kitts to Trinidad. Useful regional pelagic context, with no separate country balance or whole-ecosystem EEZ reconstruction."
EEZ_092,British Virgin Isl. (UK),EEZ,127,2636688.6764859944,3.546739822173645e-05,0.9996914405477366,,,1,36,proxy_only,Selected Sea Around Us polygon from PPR Global Estimation release,20.884,-64.55225726795096,4102.3911591021,2636688.6764859944,3.5467398221736454e-05,127,0.9996914405477367,1,available,2636688.6764859944,"Original Opitz report explicitly includes British Virgin shelf in its Puerto Rico–Virgin Islands context, but model unit is a composite shallow reef transect. EcoBase country metadata alone would overstate local precision."
EEZ_969,Fernando de Noronha (Brazil),EEZ,128,2047092.4737868535,2.7536449263809618e-05,0.9997189769970004,,,0,0,no_defensible_model_found,Selected Sea Around Us polygon from PPR Global Estimation release,-3.7855,-32.05866896891884,7461.650372688001,2047092.4737868535,2.753644926380962e-05,128,0.9997189769970005,1,available,2047092.4737868535,No local Ecopath verified. Isotope/food-web and fisheries observations are not an Ecopath model; mainland northeastern Brazil shelf model cannot be assumed to represent this oceanic island EEZ.
EEZ_570,Niue (New Zealand),EEZ,129,1828455.3453385285,2.4595453548278894e-05,0.9997435724505487,,,0,0,no_defensible_model_found,Selected Sea Around Us polygon from PPR Global Estimation release,-19.499499999999998,-169.1663648192934,949.5273417068,1828455.3453385285,2.4595453548278897e-05,129,0.9997435724505488,1,available,1828455.3453385285,No defensible island-specific model located. Niue lies east/south of the fixed 2007 warm-pool domain; that report is not assigned.
EEZ_796,Turks & Caicos Isl. (UK),EEZ,130,1613035.7630321903,2.169773863086907e-05,0.9997652701891795,,,0,0,no_defensible_model_found,Selected Sea Around Us polygon from PPR Global Estimation release,23.423000000000002,-70.41007365439094,7446.679016808498,1613035.7630321903,2.1697738630869073e-05,130,0.9997652701891797,1,available,1613035.7630321903,No local EwE found. CRFM report mentions future Ecopath training rather than a Turks and Caicos ecosystem model. Caribbean-wide models are not equated to this Bahamas/Atlantic EEZ.
EEZ_474,Martinique (France),EEZ,131,1473241.0944450698,1.9817291680771428e-05,0.9997850874808604,,,1,22,proxy_only,Selected Sea Around Us polygon from PPR Global Estimation release,15.4525,-59.309619833524685,2440.9497922336996,1473241.0944450698,1.9817291680771435e-05,131,0.9997850874808605,1,available,1473241.0944450698,"No standalone Martinique model verified. Caribbean regional model is a basin proxy. Also located the 2008 Lesser Antilles Pelagic Ecosystem report, which explicitly accounts for Martinique catch, but did not locate an authentic primary-hosted full report download in this pass."
EEZ_060,Bermuda (UK),EEZ,132,1333927.0877780481,1.7943310350935368e-05,0.9998030307912114,,,0,0,no_defensible_model_found,Selected Sea Around Us polygon from PPR Global Estimation release,32.327,-66.78242946406692,873.7608096846,1333927.0877780481,1.7943310350935375e-05,132,0.9998030307912115,1,available,1333927.0877780481,Ecopath/Ecosim searches returned papers citing Bermuda reef feeding data and a different biogeochemical EcoSim program. No local EwE mass-balance model confirmed.
EEZ_711,Prince Edward Isl. (South Africa),EEZ,133,1225800.4341437377,1.6488845469649934e-05,0.999819519636681,,,2,48,direct_model_found,Selected Sea Around Us polygon from PPR Global Estimation release,-46.7475,37.78289340322609,974.4787150097001,1225800.4341437377,1.6488845469649937e-05,133,0.9998195196366811,1,available,1225800.4341437377,Verified EEZ-scale Prince Edward archipelago model and its detailed thesis documentation across three decades.
EEZ_028,Antigua & Barbuda,EEZ,134,1185125.45188696,1.5941706246794908e-05,0.9998354613429278,,,1,36,proxy_only,Selected Sea Around Us polygon from PPR Global Estimation release,19.0175,-60.192621647509576,3754.318094694,1185125.45188696,1.594170624679491e-05,134,0.9998354613429279,1,available,1185125.45188696,"Lesser Antilles model explicitly aggregates island EEZs from Antigua/St Kitts to Trinidad. Useful regional pelagic context, with no separate country balance or whole-ecosystem EEZ reconstruction."
EEZ_876,Wallis & Futuna Isl. (France),EEZ,135,1119183.1426833072,1.505468376247801e-05,0.9998505160266903,,,0,0,no_defensible_model_found,Selected Sea Around Us polygon from PPR Global Estimation release,-12.354,-176.75001079474345,971.0058082377002,1119183.1426833072,1.5054683762478014e-05,135,0.9998505160266904,1,available,1119183.1426833072,No local EwE model verified. Official biodiversity and reef-assessment material documents local systems but supplies no identified mass-balance model.
EEZ_638,Réunion (France),EEZ,136,1039295.5371920003,1.3980076228335096e-05,0.9998644961029186,,,0,0,no_defensible_model_found,Selected Sea Around Us polygon from PPR Global Estimation release,-21.4515,54.39346443350476,537.9865677244,1039295.5371920003,1.39800762283351e-05,136,0.9998644961029187,1,available,1039295.5371920003,No dedicated model verified. French-language meeting notices (réunion) and the unrelated ECOPATH seabird-disease programme were excluded as false positives.
EEZ_580,Northern Marianas (USA),EEZ,137,1005725.4354424983,1.3528508253051563e-05,0.9998780246111716,,,1,25,proxy_only,Selected Sea Around Us polygon from PPR Global Estimation release,18.074,147.53346144859813,498.5314401099001,1005725.4354424983,1.3528508253051567e-05,137,0.9998780246111718,1,available,1005725.4354424983,No dedicated CNMI model verified. Only a regional pelagic proxy for the southern part of this north-south archipelago is defensible.
EEZ_654,Saint Helena (UK),EEZ,138,982147.5503922047,1.3211350506760642e-05,0.9998912359616785,,,0,0,no_defensible_model_found,Selected Sea Around Us polygon from PPR Global Estimation release,-15.9695,-7.511524568965518,515.4002517916999,982147.5503922047,1.3211350506760644e-05,138,0.9998912359616786,1,available,982147.5503922047,No Ecopath/EwE model verified. Tuna habitat-distribution and ecosystem-service studies are not trophic mass-balance models.
EEZ_896,Crozet Isl. (France),EEZ,139,829294.7328154038,1.1155251962151283e-05,0.9999023912136407,,,1,44,partial_model_found,Selected Sea Around Us polygon from PPR Global Estimation release,-46.223,51.26142358899624,962.1183434891,829294.7328154038,1.1155251962151285e-05,139,0.9999023912136408,1,available,829294.7328154038,Crozet is explicitly represented in a combined Crozet/Kerguelen 2017 model using shared mobile groups and area-specific food webs. Conservative subregional classification until the model's spatial extent is recovered.
EEZ_488,Hawaii Northwest Islands (USA),EEZ,140,790459.7617226115,1.0632863635853554e-05,0.9999130240772764,,,1,54,partial_model_found,Selected Sea Around Us polygon from PPR Global Estimation release,25.906,-170.0015,456.12053987310003,790459.7617226115,1.0632863635853557e-05,140,0.9999130240772767,1,available,790459.7617226115,French Frigate Shoals model in existing HAW-2013 is a defensible local study; it is not whole-EEZ coverage.
HS_067,"Pacific, Northeast",High Seas,141,759816.5237174243,1.0220666346569525e-05,0.9999232447436229,True,False,0,0,no suitable Ecopath model found after web + Zotero search,Selected Sea Around Us polygon from PPR Global Estimation release,50.12916,-149.56553,402.29139540870005,759816.5237174243,1.0220666346569526e-05,141,0.9999232447436233,1,available,759816.5237174243,
EEZ_396,Johnston Atoll (USA),EEZ,142,709090.631793451,9.5383273866973e-06,0.9999327830710096,,,0,0,no_defensible_model_found,Selected Sea Around Us polygon from PPR Global Estimation release,16.6845,-169.50457013444856,308.29794792170003,709090.631793451,9.538327386697302e-06,142,0.99993278307101,1,available,709090.631793451,"No island-specific Ecopath/EwE study located. Hawaiian reef models concern French Frigate Shoals, not Johnston; the verified 2007 warm-pool domain does not reach Johnston."
EEZ_844,Palmyra Atoll & Kingman Reef (USA),EEZ,143,628775.9881433196,8.4579755519208e-06,0.9999412410465616,,,0,0,no_defensible_model_found,Selected Sea Around Us polygon from PPR Global Estimation release,6.1665,-163.17303487141277,280.5961402573,628775.9881433196,8.457975551920801e-06,143,0.9999412410465619,1,available,628775.9881433196,"Searches found coral-reef trophic structure and isotope studies, but did not verify a Palmyra/Kingman Ecopath model. Hawaii reef models are geographically separate and were not assigned."
LME_057,Laptev Sea,LME,144,507104.9804889677,6.821318892755386e-06,0.9999480623654542,True,False,0,0,no_additional_model_confirmed,Selected Sea Around Us polygon from PPR Global Estimation release,74.61561,118.9956,2616.1834162357,507104.9804889677,6.821318892755388e-06,144,0.9999480623654546,1,available,507104.9804889677,Exact regional Ecopath search returned mentions in other Arctic models or general ecosystem literature; no defensible local Ecopath model publication confirmed. Adjacent Beaufort or Barents models not transferred.
EEZ_905,St Martin (France),EEZ,145,499593.895973369,6.7202835949716165e-06,0.9999547826490492,,,0,0,no_defensible_model_found,Selected Sea Around Us polygon from PPR Global Estimation release,18.0295,-63.329996652572234,547.9161662649999,499593.895973369,6.720283594971618e-06,145,0.9999547826490496,1,available,499593.895973369,No local mass-balance model verified; reef inventories and management material found. No adjacent-island or Caribbean-wide model substituted as full EEZ coverage.
EEZ_660,Anguilla (UK),EEZ,146,448305.9886107153,6.030384688584581e-06,0.999960813033738,,,1,22,proxy_only,Selected Sea Around Us polygon from PPR Global Estimation release,20.003500000000003,-62.44027895437861,1027.036715517,448305.9886107153,6.030384688584583e-06,146,0.9999608130337382,1,available,448305.9886107153,No island-specific model verified. Many hits concern the eel genus Anguilla and were excluded. Caribbean model retained only as a broad basin proxy.
LME_055,Beaufort Sea,LME,147,439874.51024657505,5.9169687197575515e-06,0.9999667300024578,True,False,2,67,searched_additional_sources,Selected Sea Around Us polygon from PPR Global Estimation release,69.90499,-116.84703,212.78852302800001,439874.51024657505,5.916968719757552e-06,147,0.999966730002458,1,available,439874.51024657505,"Targeted regional and bibliographic searches conducted; this is a broad follow-up search, not an assertion that all literature is exhausted."
EEZ_904,St Barthelemy (France),EEZ,148,405068.1217651294,5.448770842647105e-06,0.9999721787733005,,,0,0,no_defensible_model_found,Selected Sea Around Us polygon from PPR Global Estimation release,17.976999999999997,-62.645551127819544,526.0359177130001,405068.1217651294,5.448770842647106e-06,148,0.9999721787733006,1,available,405068.1217651294,"Targeted geographic Ecopath/EwE search returned no verified local marine mass-balance model. This is a search outcome, not evidence that no unpublished model exists. No unsupported full-EEZ assignment or island-surrounding rectangle added."
EEZ_037,Macquarie Isl. (Australia),EEZ,149,396113.66785745224,5.3283200721659145e-06,0.9999775070933727,,,0,0,no_defensible_model_found,Selected Sea Around Us polygon from PPR Global Estimation release,-54.721500000000006,155.87188314447593,434.33,396113.66785745224,5.328320072165915e-06,149,0.9999775070933727,1,available,396113.66785745224,Targeted Ecopath and Ecosim searches returned ecological risk assessments and terrestrial restoration material; no defensible marine mass-balance model located. Nearby Tasmania or New Zealand models were not automatically transferred.
HS_058,"Indian Ocean, Antarctic",High Seas,150,316826.047060139,4.261783227694706e-06,0.9999817688766004,True,False,1,21,curated,Selected Sea Around Us polygon from PPR Global Estimation release,-66.24622,81.09753,1622.2799593135003,316826.047060139,4.261783227694707e-06,150,0.9999817688766004,1,available,316826.047060139,
LME_056,East Siberian Sea,LME,151,275429.0625472164,3.7049319968335557e-06,0.9999854738085971,True,False,0,0,no_additional_model_confirmed,Selected Sea Around Us polygon from PPR Global Estimation release,70.46886,162.27356,1304.0687744917002,275429.0625472164,3.7049319968335566e-06,151,0.9999854738085973,1,available,275429.0625472164,Exact regional Ecopath search returned mentions in other Arctic models or general ecosystem literature; no defensible local Ecopath model publication confirmed. Adjacent Beaufort or Barents models not transferred.
EEZ_038,Lord Howe Isl. (Australia),EEZ,152,237070.88244243458,3.1889572209830657e-06,0.9999886627658182,,,0,0,no_defensible_model_found,Selected Sea Around Us polygon from PPR Global Estimation release,-30.762999999999998,159.7847467315811,111.5646524811,237070.88244243458,3.1889572209830666e-06,152,0.9999886627658182,1,available,237070.88244243458,Targeted Ecopath and Ecosim searches did not identify a marine EwE model for Lord Howe. Geographic proximity alone is insufficient to assign a mainland Australian model.
EEZ_166,Cocos (Keeling) Isl. (Australia),EEZ,153,192511.22902126814,2.589563372704647e-06,0.9999912523291908,,,0,0,no_defensible_model_found,Selected Sea Around Us polygon from PPR Global Estimation release,-11.9515,96.86877284631402,268.594720107,192511.22902126814,2.5895633727046474e-06,153,0.999991252329191,1,available,192511.22902126814,"Search located CSIRO conservation characterization with conceptual trophic systems, but no demonstrated island-specific Ecopath model. Australian Indian Ocean territory must not be confused with Kiribati Christmas Island or Costa Rican Cocos Island."
LME_058,Kara Sea,LME,154,137138.92556169763,1.8447232424421717e-06,0.9999930970524334,True,False,0,0,no_additional_model_confirmed,Selected Sea Around Us polygon from PPR Global Estimation release,72.87491,77.99103,719.2892019078,137138.92556169763,1.844723242442172e-06,154,0.9999930970524334,1,available,137138.92556169763,Exact regional Ecopath search returned mentions in other Arctic models or general ecosystem literature; no defensible local Ecopath model publication confirmed. Adjacent Beaufort or Barents models not transferred.
EEZ_856,Tristan da Cunha Isl. (UK),EEZ,155,117455.8801231217,1.5799569023686457e-06,0.9999946770093359,,,0,0,no_defensible_model_found,Selected Sea Around Us polygon from PPR Global Estimation release,-38.98950000000001,-11.144604089539385,733.0059081887999,117455.8801231217,1.579956902368646e-06,155,0.9999946770093359,1,available,117455.8801231217,"Ecosystem field assessments, carbon assessments, and lobster/seabird interactions found; no verified Ecopath/Ecosim model or complete trophic parameter set for the EEZ."
EEZ_895,St Paul & Amsterdam Isl. (France),EEZ,156,97675.0183717673,1.313874786887566e-06,0.9999959908841227,,,0,0,no_defensible_model_found,Selected Sea Around Us polygon from PPR Global Estimation release,-38.3165,77.53959714757357,497.3573467841,97675.0183717673,1.3138747868875665e-06,156,0.9999959908841227,1,available,97675.0183717673,"The prominent IPEV 1151 ECOPATH hit is a pathogen ecology programme, not Ecopath with Ecosim trophic modelling. Crozet/Kerguelen food webs do not establish Amsterdam/Saint Paul coverage."
EEZ_909,Sint Maarten (Netherlands),EEZ,157,85688.12663919516,1.1526332014431365e-06,0.999997143517324,,,0,0,no_defensible_model_found,Selected Sea Around Us polygon from PPR Global Estimation release,17.939,-63.12733095238095,83.0733507754,85688.12663919516,1.1526332014431368e-06,157,0.9999971435173242,1,available,85688.12663919516,No local Ecopath model verified. Nature policy inventories are not trophic-model documentation; adjacent islands were not substituted.
EEZ_872,Wake Isl. (USA),EEZ,158,68115.70486681667,9.16257899998036e-07,0.999998059775224,,,0,0,no_defensible_model_found,Selected Sea Around Us polygon from PPR Global Estimation release,19.566,166.62642371005296,34.633787389199995,68115.70486681667,9.162578999980362e-07,158,0.9999980597752242,1,available,68115.70486681667,"Targeted geographic Ecopath/EwE search returned no verified local marine mass-balance model. This is a search outcome, not evidence that no unpublished model exists. No unsupported full-EEZ assignment or island-surrounding rectangle added."
EEZ_855,Ascension Isl. (UK),EEZ,159,46972.74183264927,6.318534891899815e-07,0.9999986916287132,,,0,0,no_defensible_model_found,Selected Sea Around Us polygon from PPR Global Estimation release,-7.946,-12.621263146551724,32.764000004,46972.74183264927,6.318534891899816e-07,159,0.9999986916287134,1,available,46972.74183264927,No local Ecopath/EwE found. Ascension Bay Mexican Caribbean models are a name collision. Ascension Island integrated ecosystem assessment uses ODEMM and was excluded as a non-EwE method.
EEZ_574,Norfolk Isl. (Australia),EEZ,160,32366.394255930376,4.353763128405135e-07,0.9999991270050261,,,0,0,no_defensible_model_found,Selected Sea Around Us polygon from PPR Global Estimation release,-29.139499999999998,167.95939812908802,17.4978128176,32366.394255930376,4.353763128405136e-07,160,0.9999991270050262,1,available,32366.394255930376,"No defensible island-specific model located. Norfolk Bay, Tasmania and Norfolk, Virginia are false-positive place-name matches and were excluded."
EEZ_074,Bouvet Isl. (Norway),EEZ,161,25983.663702706264,3.495190600324396e-07,0.999999476524086,,,0,0,no_defensible_model_found,Selected Sea Around Us polygon from PPR Global Estimation release,-54.44,6.333796015229753,133.56110065549998,25983.663702706264,3.4951906003243967e-07,161,0.9999994765240863,1,available,25983.663702706264,"A Bouvet food-web study provides an isotope-based conceptual network, not a demonstrated Ecopath reconstruction. Antarctic Peninsula and South Georgia models are geographically distinct."
EEZ_162,Christmas Isl. (Australia),EEZ,162,22536.376227926663,3.031478980734324e-07,0.9999997796719841,,,0,0,no_defensible_model_found,Selected Sea Around Us polygon from PPR Global Estimation release,-11.5155,105.61604032258063,25.629903931,22536.376227926663,3.0314789807343247e-07,162,0.9999997796719844,1,available,22536.376227926663,"Search located CSIRO conservation characterization with conceptual trophic systems, but no demonstrated island-specific Ecopath model. Australian Indian Ocean territory must not be confused with Kiribati Christmas Island or Costa Rican Cocos Island."
LME_066,Canadian High Arctic - North Greenland,LME,163,10566.207059943801,1.4213125608283794e-07,0.9999999218032402,True,False,2,63,searched_additional_sources,Selected Sea Around Us polygon from PPR Global Estimation release,79.6987,-76.87303,53.5919340839,10566.207059943801,1.4213125608283796e-07,163,0.9999999218032405,1,available,10566.207059943801,"Targeted regional and bibliographic searches conducted; this is a broad follow-up search, not an assertion that all literature is exhausted. Existing ARC-2012 sunstone title could not be independently matched by exact-title search; new Mohammed2001 is a separately verified source and does not validate that existing record. Follow-up: direct USask handle and global Handle API both404; Handle responseCode100 confirms this identifier is not registered. Carder/mercury and exact sunstone-title searches did not identify a documented original. Texas2015 report mentions Booth2012 Lancaster Sound Ecotracer work, but this cannot establish equivalence to Carder2012."
EEZ_154,Desventuradas Isl. (Chile),EEZ,164,4740.625617241973,6.376849041236413e-08,0.9999999855717304,,,0,0,no_defensible_model_found,Selected Sea Around Us polygon from PPR Global Estimation release,-26.211,-79.96613650212565,21.535833428,4740.625617241973,6.376849041236414e-08,164,0.9999999855717309,1,available,4740.625617241973,Targeted English/Spanish searches did not identify a defensible Desventuradas Ecopath model. Shared Chilean sovereignty does not justify mainland model transfer.
EEZ_612,Pitcairn (UK),EEZ,165,1014.8820128320708,1.365167788605387e-08,0.9999999992234084,,,0,0,no_defensible_model_found,Selected Sea Around Us polygon from PPR Global Estimation release,-24.4865,-126.94757261592878,3,1014.8820128320708,1.3651677886053872e-08,165,0.9999999992234088,1,available,1014.8820128320708,No defensible local model found. WCPO workshop participation references are not a model for Pitcairn; the 2007 fixed domain excludes Pitcairn.
LME_061,Antarctic,LME,166,57.732741635911154,7.765915469256052e-10,1.0,True,False,3,67,searched_additional_sources,Selected Sea Around Us polygon from PPR Global Estimation release,-71.16877,-99.4491,0.2496140134,57.732741635911154,7.765915469256054e-10,166,1.0000000000000002,1,available,57.732741635911154,Found thesis containing development of the Hudson Bay and Antarctic Peninsula ecosystem models as a detailed alternative to blocked chapter/publisher routes.
LME_064,Central Arctic Ocean,LME,,,,,True,False,0,0,model_under_development,Selected Sea Around Us polygon from PPR Global Estimation release,80.44875,-137.10591,,,,,,,empty_catch_archive,,2026 Tara/SEDNA primary document explicitly states an ecosystem model integrating midnight sun/polar night for the Central Arctic Ocean has not yet been developed; SEDNA advertises developing an Ecopath with Ecosim model. No completed documented model added.
