unit_id,area_name,area_type,year,raw_rows_selected,taxon_rows_standardized,raw_filtered_tonnes,standardized_tonnes,difference_tonnes,reconciled,source_data_status
HS_018,,,2019,0,0,0.0,0.0,0.0,True,empty_catch_archive
HS_021,"Atlantic, Northwest",high_seas,2019,561,67,87745.0994728874,87745.09947288739,-1.4551915228366852e-11,True,available
HS_027,"Atlantic, Northeast",high_seas,2019,1237,131,734932.2904610422,734932.2904610422,0.0,True,available
HS_031,"Atlantic, Western Central",high_seas,2019,290,32,16859.0112032287,16859.0112032287,0.0,True,available
HS_034,"Atlantic, Eastern Central",high_seas,2019,437,37,235319.4552726861,235319.4552726861,0.0,True,available
HS_041,"Atlantic, Southwest",high_seas,2019,321,33,62238.3652132951,62238.365213295096,-7.275957614183426e-12,True,available
HS_047,"Atlantic, Southeast",high_seas,2019,257,35,41830.7267805337,41830.7267805337,0.0,True,available
HS_048,"Atlantic, Antarctic",high_seas,2019,43,6,154127.6154029508,154127.6154029508,0.0,True,available
HS_051,"Indian Ocean, Western",high_seas,2019,262,36,377854.0083285441,377854.0083285441,0.0,True,available
HS_057,"Indian Ocean, Eastern",high_seas,2019,257,34,249459.5239463328,249459.5239463328,0.0,True,available
HS_058,"Indian Ocean, Antarctic",high_seas,2019,51,6,1622.2799593135,1622.2799593135003,2.2737367544323206e-13,True,available
HS_061,"Pacific, Northwest",high_seas,2019,467,21,132995.67933726677,132995.6793372668,2.9103830456733704e-11,True,available
HS_067,"Pacific, Northeast",high_seas,2019,77,16,402.2913954087,402.2913954087,0.0,True,available
HS_071,"Pacific, Western Central",high_seas,2019,764,23,571817.786555246,571817.786555246,0.0,True,available
HS_077,"Pacific, Eastern Central",high_seas,2019,1083,26,860671.2076084926,860671.2076084926,0.0,True,available
HS_081,"Pacific, Southwest",high_seas,2019,728,27,45252.4668227171,45252.46682271709,-7.275957614183426e-12,True,available
HS_087,"Pacific, Southeast",high_seas,2019,543,25,245882.4176735426,245882.41767354263,2.9103830456733704e-11,True,available
HS_088,"Pacific, Antarctic",high_seas,2019,353,32,3559.327863,3559.327863,0.0,True,available
LME_001,East Bering Sea,lme,2019,453,73,1300999.7714510455,1300999.771451045,-4.656612873077393e-10,True,available
LME_002,Gulf of Alaska,lme,2019,1528,170,1102866.6258441233,1102866.6258441233,0.0,True,available
LME_003,California Current,lme,2019,2433,277,1037537.6190575529,1037537.6190575529,0.0,True,available
LME_004,Gulf of California,lme,2019,644,129,664877.8552277526,664877.8552277526,0.0,True,available
LME_005,Gulf of Mexico,lme,2019,12968,418,1549275.8254257175,1549275.8254257175,0.0,True,available
LME_006,Southeast U.S. Continental Shelf,lme,2019,5973,283,115599.57003481101,115599.570034811,-1.4551915228366852e-11,True,available
LME_007,Northeast U.S. Continental Shelf,lme,2019,5309,232,700878.7473042158,700878.7473042159,1.1641532182693481e-10,True,available
LME_008,Scotian Shelf,lme,2019,574,92,148680.2607308072,148680.2607308072,0.0,True,available
LME_009,Newfoundland-Labrador Shelf,lme,2019,1041,111,506689.99406100804,506689.99406100804,0.0,True,available
LME_010,Insular Pacific-Hawaiian,lme,2019,632,140,21171.953396398498,21171.9533963985,3.637978807091713e-12,True,available
LME_011,Pacific Central-American Coastal,lme,2019,4398,270,1587670.7135199134,1587670.7135199131,-2.3283064365386963e-10,True,available
LME_012,Caribbean Sea,lme,2019,19871,507,625707.9632201534,625707.9632201535,1.1641532182693481e-10,True,available
LME_013,Humboldt Current,lme,2019,2211,184,7390380.680601614,7390380.680601613,-9.313225746154785e-10,True,available
LME_014,Patagonian Shelf,lme,2019,5190,195,1589890.9385366845,1589890.9385366838,-6.984919309616089e-10,True,available
LME_015,South Brazil Shelf,lme,2019,7388,264,292432.0999772061,292432.0999772061,0.0,True,available
LME_016,East Brazil Shelf,lme,2019,7252,254,306003.2887419415,306003.2887419415,0.0,True,available
LME_017,North Brazil Shelf,lme,2019,9018,311,453226.0308527972,453226.0308527972,0.0,True,available
LME_018,Canadian Eastern Arctic -West Greenland,lme,2019,448,61,219045.6241691814,219045.62416918145,5.820766091346741e-11,True,available
LME_019,Greenland Sea,lme,2019,1241,64,87093.82357372019,87093.82357372019,0.0,True,available
LME_020,Barents Sea,lme,2019,1939,138,675569.0179631643,675569.0179631643,0.0,True,available
LME_021,Norwegian Sea,lme,2019,1552,162,707251.5165434973,707251.5165434972,-1.1641532182693481e-10,True,available
LME_022,North Sea,lme,2019,13340,312,2717260.6982051707,2717260.6982051707,0.0,True,available
LME_023,Baltic Sea,lme,2019,9364,117,937172.6469930056,937172.6469930056,0.0,True,available
LME_024,Celtic-Biscay Shelf,lme,2019,14673,383,1139679.567089067,1139679.567089067,0.0,True,available
LME_025,Iberian Coastal,lme,2019,10442,432,429516.3330948258,429516.33309482585,5.820766091346741e-11,True,available
LME_026,Mediterranean Sea,lme,2019,25132,482,1487741.6269238535,1487741.6269238533,-2.3283064365386963e-10,True,available
LME_027,Canary Current,lme,2019,8933,412,5771015.257329413,5771015.257329413,0.0,True,available
LME_028,Guinea Current,lme,2019,9016,325,4469154.981144244,4469154.981144244,0.0,True,available
LME_029,Benguela Current,lme,2019,2387,147,1592518.0818040827,1592518.0818040827,0.0,True,available
LME_030,Agulhas Current,lme,2019,3912,272,794215.4259763143,794215.4259763142,-1.1641532182693481e-10,True,available
LME_031,Somali Coastal Current,lme,2019,2021,205,237379.07863162042,237379.0786316204,-2.9103830456733704e-11,True,available
LME_032,Arabian Sea,lme,2019,16251,393,5436428.793803818,5436428.7938038185,9.313225746154785e-10,True,available
LME_033,Red Sea,lme,2019,4755,193,147100.3417814472,147100.34178144718,-2.9103830456733704e-11,True,available
LME_034,Bay of Bengal,lme,2019,8639,288,6697725.785375867,6697725.785375867,0.0,True,available
LME_035,Gulf of Thailand,lme,2019,8389,214,2615825.056861822,2615825.056861822,0.0,True,available
LME_036,South China Sea,lme,2019,14092,340,11101666.087778974,11101666.087778976,1.862645149230957e-09,True,available
LME_037,Sulu-Celebes Sea,lme,2019,5616,219,1731971.9673227617,1731971.9673227617,0.0,True,available
LME_038,Indonesian Sea,lme,2019,2314,142,2883541.9537540907,2883541.9537540907,0.0,True,available
LME_039,North Australian Shelf,lme,2019,5676,452,44872.4444403339,44872.4444403339,0.0,True,available
LME_040,Northeast Australian Shelf-Great Barrier Reef,lme,2019,3146,332,22842.5316976432,22842.5316976432,0.0,True,available
LME_041,East-Central Australian Shelf,lme,2019,4133,382,39281.0247337031,39281.0247337031,0.0,True,available
LME_042,Southeast Australian Shelf,lme,2019,2895,246,32645.754357906102,32645.754357906095,-7.275957614183426e-12,True,available
LME_043,Southwest Australian Shelf,lme,2019,2139,245,30450.9174249122,30450.9174249122,0.0,True,available
LME_044,West-Central Australian Shelf,lme,2019,2969,411,19839.0729312876,19839.0729312876,0.0,True,available
LME_045,Northwest Australian Shelf,lme,2019,3021,410,44647.944981429304,44647.9449814293,-7.275957614183426e-12,True,available
LME_046,New Zealand Shelf,lme,2019,4667,197,431127.77716673305,431127.77716673305,0.0,True,available
LME_047,East China Sea,lme,2019,6581,254,5649829.984210193,5649829.984210193,0.0,True,available
LME_048,Yellow Sea,lme,2019,3922,175,2658977.968899307,2658977.968899307,0.0,True,available
LME_049,Kuroshio Current,lme,2019,5722,229,3090456.2651244747,3090456.2651244747,0.0,True,available
LME_050,Sea of Japan / East Sea,lme,2019,3380,218,2586941.83669577,2586941.83669577,0.0,True,available
LME_051,Oyashio Current,lme,2019,1944,143,1092021.8374498228,1092021.837449823,2.3283064365386963e-10,True,available
LME_052,Sea of Okhotsk,lme,2019,1732,131,4800852.125625119,4800852.125625119,0.0,True,available
LME_053,West Bering Sea,lme,2019,512,63,705687.5220776038,705687.5220776038,0.0,True,available
LME_054,Northern Bering - Chukchi Seas,lme,2019,871,93,348828.221273396,348828.221273396,0.0,True,available
LME_055,Beaufort Sea,lme,2019,97,19,212.78852302800001,212.78852302800001,0.0,True,available
LME_056,East Siberian Sea,lme,2019,4,4,1304.0687744917,1304.0687744917,0.0,True,available
LME_057,Laptev Sea,lme,2019,5,5,2616.1834162357,2616.1834162357,0.0,True,available
LME_058,Kara Sea,lme,2019,5,5,719.2892019077999,719.2892019077999,0.0,True,available
LME_059,Iceland Shelf and Sea,lme,2019,1595,74,697974.9116856115,697974.9116856112,-2.3283064365386963e-10,True,available
LME_060,Faroe Plateau,lme,2019,1872,114,420222.2010145739,420222.20101457386,-5.820766091346741e-11,True,available
LME_061,Antarctic,lme,2019,73,10,0.2496140134,0.24961401340000003,2.7755575615628914e-17,True,available
LME_062,Black Sea,lme,2019,3337,120,1145168.185954724,1145168.185954724,0.0,True,available
LME_063,Hudson Bay Complex,lme,2019,154,44,1269.735630608,1269.735630608,0.0,True,available
LME_064,,,2019,0,0,0.0,0.0,0.0,True,empty_catch_archive
LME_065,Aleutian Islands,lme,2019,435,68,151507.6717909796,151507.6717909796,0.0,True,available
LME_066,Canadian High Arctic - North Greenland,lme,2019,110,21,53.591934083899986,53.5919340839,1.4210854715202004e-14,True,available
